SYMBOL,COMPANY,PURPOSE,EX_DATE,RECORD_DATE,FACE_VALUE
WSTCSTPAPR,West Coast Paper Mills Limited,Dividend - Rs 3 Per Share,10-Aug-2026,10-Aug-2026,2
RITES,RITES Limited,Interim Dividend - Rs 1.40 Per Share,10-Aug-2026,10-Aug-2026,10
INDUSTOWER,Indus Towers Limited,Dividend - Rs 14 Per Share,10-Aug-2026,10-Aug-2026,10
AVTNPL,AVT Natural Products Limited,Dividend - Re 0.45 Per Share,10-Aug-2026,10-Aug-2026,1
STYRENIX,Styrenix Performance Materials Limited,Interim Dividend - Rs 23 Per Share,10-Aug-2026,10-Aug-2026,10
MAJESAUT,Majestic Auto Limited,Dividend - Rs 25 Per Share,10-Aug-2026,10-Aug-2026,10
JIOFIN,Jio Financial Services Limited,Dividend - Rs 0.60 Per Share,10-Aug-2026,10-Aug-2026,10
CMPDI,Central Mine Planning & Design Institute Limited,Dividend - Rs 1.06 Per Share,10-Aug-2026,10-Aug-2026,2
INDUSINVIT,Indus Infra Trust,Distribution - Rs 3.55 Per Unit Consists Of Interest Rs 2.38 Per Unit & Return Of Capital Rs 1.17 Per Unit,10-Aug-2026,10-Aug-2026,100
PTC,PTC India Limited,Interim Dividend - Rs 23 Per Share,10-Aug-2026,10-Aug-2026,10
RATNAMANI,Ratnamani Metals & Tubes Limited,Dividend - Rs 10 Per Share,11-Aug-2026,11-Aug-2026,2
TAINWALCHM,Tainwala Chemical and Plastic (I) Limited,Interim Dividend - Rs 3 Per Share,11-Aug-2026,11-Aug-2026,10
SYMPHONY,Symphony Limited,Interim Dividend - Re 1  Per Share,11-Aug-2026,11-Aug-2026,2
CHAMBLFERT,Chambal Fertilizers & Chemicals Limited,Dividend - Rs 6 Per Share,11-Aug-2026,11-Aug-2026,10
CASTROLIND,Castrol India Limited,Interim Dividend - Rs 6.25 Per Share,11-Aug-2026,11-Aug-2026,5
GODFRYPHLP,Godfrey Phillips India Limited,Dividend - Rs 33 Per Sh,11-Aug-2026,11-Aug-2026,2
GLAND,Gland Pharma Limited,Dividend - Rs 20 Per Sh,11-Aug-2026,11-Aug-2026,1
GATEWAY,Gateway Distriparks Limited,Interim Dividend - Rs 1.25 Per Share,11-Aug-2026,11-Aug-2026,10
KOPRAN,Kopran Limited,Dividend - Rs 3 Per Share,11-Aug-2026,11-Aug-2026,10
KIRLOSIND,Kirloskar Industries Limited,Dividend - Rs 13 Per Share,11-Aug-2026,11-Aug-2026,10
DVL,Dhunseri Ventures Limited,Dividend - Rs 1.50 Per Share,11-Aug-2026,11-Aug-2026,10
SUDARSCHEM,Sudarshan Chemical Industries Limited,Dividend - Rs 5 Per Share,11-Aug-2026,11-Aug-2026,2
SIL,Standard Industries Limited,Dividend - Re 0.25 Per Share,11-Aug-2026,11-Aug-2026,5
INDPRUD,Industrial & Prudential Investment Company Limited,Dividend - Rs 120 Per Share,12-Aug-2026,12-Aug-2026,10
VAIBHAVGBL,Vaibhav Global Limited,Interim Dividend - Rs 1.50 Per Share,12-Aug-2026,12-Aug-2026,2
UNIPARTS,Uniparts India Limited,Interim Dividend - Rs 9 Per Share,12-Aug-2026,12-Aug-2026,10
SANDUMA,Sandur Manganese & Iron Ores Limited,Dividend - Rs 0.50 Per Share,12-Aug-2026,12-Aug-2026,10
NEAGI,Neelamalai Agro Industries Limited,Dividend - Rs 20 Per Share,12-Aug-2026,12-Aug-2026,10
HGINFRA,H.G. Infra Engineering Limited,Dividend - Rs 2 Per Share,12-Aug-2026,12-Aug-2026,10
NHIT,National Highways Infra Trust,Distribution - Rs 3.187 Per Unit Consisting Of Rs 3.179 Per Unit As Interest & Re 0.008 Per Unit As Other Income,12-Aug-2026,12-Aug-2026,101
NHPC,NHPC Limited,Dividend - Re 0.21 Per Sh,12-Aug-2026,12-Aug-2026,10
GABRIEL,Gabriel India Limited,Dividend - Rs 3.10 Per Share,12-Aug-2026,12-Aug-2026,1
KPITTECH,KPIT Technologies Limited,Dividend - Rs 5.25 Per Share,12-Aug-2026,12-Aug-2026,10
CAMS,Computer Age Management Services Limited,Interim Dividend - Rs 2.50 Per Share,12-Aug-2026,12-Aug-2026,2
KCP,KCP Limited,Interim Dividend - Re 0.50 Per Share,12-Aug-2026,12-Aug-2026,1
DTIL,Dhunseri Tea & Industries Limited,Dividend - Rs 2 Per Share,12-Aug-2026,12-Aug-2026,10
CENTENKA,Century Enka Limited,Dividend - Rs 11 Per Share,13-Aug-2026,13-Aug-2026,10
SOUTHBANK,The South Indian Bank Limited,Dividend - Re 0.45 Per Share,13-Aug-2026,13-Aug-2026,1
USHAMART,Usha Martin Limited,Dividend - Rs 3.75 Per Share,13-Aug-2026,13-Aug-2026,1
GODREJCP,Godrej Consumer Products Limited,Interim Dividend - Rs 5 Per Share,13-Aug-2026,13-Aug-2026,1
RAILTEL,Railtel Corporation Of India Limited,Dividend - Rs 1.25 Per Share,13-Aug-2026,13-Aug-2026,10
NDGL,Naga Dhunseri Group Limited,Dividend - Rs 2.50 Per Share,13-Aug-2026,13-Aug-2026,10
VISAKAIND,Visaka Industries Limited,Interim Dividend - Re 1 Per Share,13-Aug-2026,13-Aug-2026,2
PRECOT,Precot Limited,Dividend - Rs 4 Per Share,13-Aug-2026,13-Aug-2026,10
NEOGEN,Neogen Chemicals Limited,Dividend - Re 1 Per Share,13-Aug-2026,13-Aug-2026,10
AWHCL,Antony Waste Handling Cell Limited,Dividend - Re 0.50 Per Share,13-Aug-2026,13-Aug-2026,5
BIRET,Brookfield India Real Estate Trust,Distribution - Rs 5.60 Per Unit Consisting Of Interest - Rs 1.65 Per Unit/ Repayment Of Spv Debt - Rs 2.67 Per Unit/ Dividend - Re 0.93 Per Unit/ Interest On Fixed Deposit - Re 0.35 Per Unit,13-Aug-2026,13-Aug-2026,275
PRESTIGE,Prestige Estates Projects Limited,Dividend - Rs 2 Per Share,13-Aug-2026,13-Aug-2026,10
DHUNINV,Dhunseri Investments Limited,Dividend - Rs 3 Per Share,13-Aug-2026,13-Aug-2026,10
RAMCOCEM,The Ramco Cements Limited,Dividend - Rs 2.50 Per Share,13-Aug-2026,13-Aug-2026,1
RAMCOIND,Ramco Industries Limited,Dividend - Rs 1.25 Per Share,13-Aug-2026,13-Aug-2026,1
BEL,Bharat Electronics Limited,Dividend - Re 0.55 Per Share,13-Aug-2026,13-Aug-2026,1
RIIT,Raajmarg Infra Investment Trust,Distribution - Rs 2.40 Per Unit Consists Of Interest Rs 2.38 Per Unit & Other Income Re 0.02 Per Unit,13-Aug-2026,13-Aug-2026,100
POWERGRID,Power Grid Corporation of India Limited,Dividend - Rs 1.25 Per Share,13-Aug-2026,13-Aug-2026,10
PREMCO,Premco Global Limited,Interim Dividend - Rs 2 Per Share,14-Aug-2026,14-Aug-2026,10
QPOWER,Quality Power Electrical Equipments Limited,Interim Dividend - Re 0.25 Per Share,14-Aug-2026,14-Aug-2026,10
RAIN,Rain Industries Limited,Interim Dividend - Re 1 Per Share,14-Aug-2026,14-Aug-2026,2
TFCILTD,Tourism Finance Corporation of India Limited,Dividend - Re 0.60 Per Share,14-Aug-2026,14-Aug-2026,2
RBLBANK,RBL Bank Limited,Dividend - Re 1 Per Share,14-Aug-2026,14-Aug-2026,10
RECLTD,REC Limited,Dividend - Rs 1.55 Per Share,14-Aug-2026,14-Aug-2026,10
RESPONIND,Responsive Industries Limited,Dividend - Re 0.10 Per Share,14-Aug-2026,14-Aug-2026,1
RPTECH,Rashi Peripherals Limited,Dividend - Rs 2 Per Share,14-Aug-2026,14-Aug-2026,5
XCHANGING,Xchanging Solutions Limited,Dividend - Rs 2 Per Share,14-Aug-2026,14-Aug-2026,10
YATHARTH,Yatharth Hospital & Trauma Care Services Limited,Interim Dividend - Re 0.50 Per Share,14-Aug-2026,14-Aug-2026,10
SANDESH,The Sandesh Limited,Dividend - Rs 5 Per Share,14-Aug-2026,14-Aug-2026,10
SANGHVIMOV,Sanghvi Movers Limited,Dividend - Rs 2 Per Share,14-Aug-2026,14-Aug-2026,1
SARDAEN,Sarda Energy & Minerals Limited,Dividend - Rs 2  Per Share,14-Aug-2026,14-Aug-2026,1
NBIFIN,N. B. I. Industrial Finance Company Limited,Dividend - Re 0.75 Per Share,14-Aug-2026,14-Aug-2026,5
NCC,NCC Limited,Dividend - Rs 2.20 Per Share,14-Aug-2026,14-Aug-2026,2
SONATSOFTW,Sonata Software Limited,Interim Dividend - Rs 1.25 Per Share,14-Aug-2026,14-Aug-2026,1
SURYALA,Suryalata Spinning Mills Limited,Dividend - Rs 2 Per Share,14-Aug-2026,14-Aug-2026,10
CREST,Crest Ventures Limited,Dividend - Re 1 Per Share,14-Aug-2026,14-Aug-2026,10
DYNAMATECH,Dynamatic Technologies Limited,Interim Dividend - Rs 3 Per Share,14-Aug-2026,14-Aug-2026,10
KICL,Kalyani Investment Company Limited,Dividend - Rs 10 Per Share,14-Aug-2026,14-Aug-2026,10
ELECTCAST,Electrosteel Castings Limited,Dividend - Re 0.90 Per Share,14-Aug-2026,14-Aug-2026,1
KOTYARK,Kotyark Industries Limited,Dividend - Re 0.4545 Per Share,14-Aug-2026,14-Aug-2026,10
AARON,Aaron Industries Limited,Dividend - Re 0.50 Per Share,14-Aug-2026,14-Aug-2026,10
FEDERALBNK,The Federal Bank  Limited,Dividend - Rs 1.20 Per Share,14-Aug-2026,14-Aug-2026,2
GANESHCP,Ganesh Consumer Products Limited,Dividend - Rs 2.50 Per Share,14-Aug-2026,14-Aug-2026,10
LLOYDSENGG,LLOYDS ENGINEERING WORKS LIMITED,Dividend - Re 0.25 Per Share,14-Aug-2026,14-Aug-2026,1
ALKALI,Alkali Metals Limited,Dividend - Re 1 Per Share,14-Aug-2026,14-Aug-2026,10
ANANTAM,Anantam Highways Trust,Distribution - Rs 2.50 Per Unit Consist Of Rs 1.1508 Per Unit As Interest/ Rs 1.3464 Per Unit As Dividend/ Re 0.0028 Per Unit As Other Income,14-Aug-2026,14-Aug-2026,100
MANGLMCEM,Mangalam Cement Limited,Dividend - Rs 1.50 Per Share,14-Aug-2026,14-Aug-2026,10
APOLLOHOSP,Apollo Hospitals Enterprise Limited,Dividend - Rs 10 Per Sh,14-Aug-2026,14-Aug-2026,5
ANUP,The Anup Engineering Limited,Dividend - Rs 12 Per Share,14-Aug-2026,14-Aug-2026,10
GPIL,Godawari Power And Ispat limited,Dividend - Re 1 Per Share,14-Aug-2026,14-Aug-2026,1
MINDACORP,Minda Corporation Limited,Dividend - Re 0.80 Per Share,14-Aug-2026,14-Aug-2026,2
ASTRAL,Astral Limited,Dividend - Rs 2.50 Per Share,14-Aug-2026,14-Aug-2026,1
HAL,Hindustan Aeronautics Limited,Dividend - Rs 10 Per Sh,14-Aug-2026,14-Aug-2026,5
BAGMANE,Bagmane Prime Office REIT,Distribution - Rs 1.50 Per Unit Consists Of Rs 1.3748 Per Unit As Dividend & Re 0.1252 Per Unit As Interest,14-Aug-2026,14-Aug-2026,100
HINDPETRO,Hindustan Petroleum Corporation Limited,Dividend - Rs 19.25 Per Share,14-Aug-2026,14-Aug-2026,10
MEDANTA,Global Health Limited,Dividend - Re 0.50 Per Share,14-Aug-2026,14-Aug-2026,2
CANHLIFE,Canara HSBC Life Insurance Company Limited,Dividend - Re 0.40 Per Share,14-Aug-2026,14-Aug-2026,10
INTERISE,Interise Trust,Distribution - Rs 2.30 Per Unit Consists Of Rs 1.70 Per Unit As Interest/ Re 0.20 Per Unit As Return Of Capital/ Re 0.40 Per Unit As Dividend,14-Aug-2026,15-Aug-2026,100
IOC,Indian Oil Corporation Limited,Dividend - Rs 1.25 Per Share,14-Aug-2026,14-Aug-2026,10
DELTACORP,Delta Corp Limited,Dividend - Re 0.50 Per Share,17-Aug-2026,17-Aug-2026,1
PLASTIBLEN,Plastiblends India Limited,Dividend - Rs 3 Per Share,17-Aug-2026,17-Aug-2026,5
FABTECH,Fabtech Technologies Limited,Dividend - Re 0.60 Per Share,17-Aug-2026,17-Aug-2026,10
636GS2031,Government of India,Interest Payment,17-Aug-2026,17-Aug-2026,100
PANAMAPET,Panama Petrochem Limited,Dividend - Rs 3 Per Share,17-Aug-2026,17-Aug-2026,2
MANAPPURAM,Manappuram Finance Limited,Interim Dividend - Re 1 Per Share,17-Aug-2026,17-Aug-2026,2
SKFINDUS,SKF India (Industrial) Limited,Interim Dividend - Rs 20 Per Share,17-Aug-2026,17-Aug-2026,10
ICIL,Indo Count Industries Limited,Dividend - Rs 1.50 Per Share,17-Aug-2026,17-Aug-2026,2
HISARMETAL,Hisar Metal Industries Limited,Dividend - Re 1 Per Share,17-Aug-2026,17-Aug-2026,10
BANDHANBNK,Bandhan Bank Limited,Dividend - Rs 1.50 Per Share,17-Aug-2026,17-Aug-2026,10
NBCC,NBCC (India) Limited,Interim Dividend - Re 0.15 Per Share,17-Aug-2026,17-Aug-2026,1
HUDCO,Housing & Urban Development Corporation Limited,Dividend - Rs 1.50 Per Share,17-Aug-2026,17-Aug-2026,10
SILVERTUC,Silver Touch Technologies Limited,Dividend - Re 0.10 Per Share,17-Aug-2026,17-Aug-2026,2
INDIGRID,IndiGrid Infrastructure Trust,Distribution - Rs 4.12 Per Unit Consist Of Rs 2.6909 Per Unit As Interest/ Re 0.0224 Per Unit As Dividend/ Rs 1.4067 Per Unit As Capital Repayment,17-Aug-2026,17-Aug-2026,100
SUNTV,Sun TV Network Limited,Interim Dividend - Rs 5 Per Share,18-Aug-2026,18-Aug-2026,5
STYL,Seshaasai Technologies Limited,Dividend - Rs 2.50 Per Share,18-Aug-2026,18-Aug-2026,10
NGLFINE,NGL Fine-Chem Limited,Dividend - Rs 1.75 Per Share,18-Aug-2026,18-Aug-2026,5
RVNL,Rail Vikas Nigam Limited,Dividend - Re 0.71 Per Share,18-Aug-2026,18-Aug-2026,10
ROUTE,ROUTE MOBILE LIMITED,Dividend - Rs 2 Per Share,18-Aug-2026,18-Aug-2026,10
ROSSELLIND,Rossell India Limited,Dividend - Re 0.40 Per Share,18-Aug-2026,18-Aug-2026,2
THEJO,Thejo Engineering Limited,Dividend - Rs 5 Per Share,18-Aug-2026,18-Aug-2026,10
SYRMA,Syrma SGS Technology Limited,Dividend - Rs 1.50 Per Share,18-Aug-2026,18-Aug-2026,10
IITL,Industrial Investment Trust Limited,Buy Back,18-Aug-2026,18-Aug-2026,10
MGL,Mahanagar Gas Limited,Dividend - Rs 18 Per Share,18-Aug-2026,18-Aug-2026,10
KIRLPNU,Kirloskar Pneumatic Company Limited,Face Value Split (Sub-Division) - From Rs 2/- Per Share To Re 1/- Per Share,18-Aug-2026,18-Aug-2026,2
ECOSMOBLTY,Ecos (India) Mobility & Hospitality Limited,Dividend - Rs 2.38 Per Share,18-Aug-2026,18-Aug-2026,2
JMA,Jullundur Motor Agency (Delhi) Limited,Dividend - Rs 2 Per Share & Special Dividend Re 1 Per Share,18-Aug-2026,18-Aug-2026,2
LGBBROSLTD,LG Balakrishnan & Bros Limited,Dividend - Rs 22 Per Share,19-Aug-2026,19-Aug-2026,10
JKPAPER,JK Paper Limited,Dividend - Rs 4 Per Share,19-Aug-2026,19-Aug-2026,10
CESC,CESC Limited,Interim Dividend - Rs 6 Per Share,19-Aug-2026,19-Aug-2026,1
BATAINDIA,Bata India Limited,Interim Dividend - Rs 25 Per Share,19-Aug-2026,19-Aug-2026,5
PAGEIND,Page Industries Limited,Interim Dividend - Rs 200 Per Share,19-Aug-2026,19-Aug-2026,10
JAYBARMARU,Jay Bharat Maruti Limited,Dividend - Re 0.70  Per Share,19-Aug-2026,19-Aug-2026,2
MARKSANS,Marksans Pharma Limited,Dividend - Re 0.90 Per Share,20-Aug-2026,20-Aug-2026,1
ZENTEC,Zen Technologies Limited,Dividend - Re 1 Per Share,21-Aug-2026,21-Aug-2026,1
POWERINDIA,Hitachi Energy India Limited,Dividend - Rs 8 Per Share,21-Aug-2026,21-Aug-2026,2
GVT&D,GE Vernova T&D India Limited,Dividend - Rs 10 Per Share,21-Aug-2026,21-Aug-2026,2
LICHSGFIN,LIC Housing Finance Limited,Dividend - Rs 10 Per Share,21-Aug-2026,21-Aug-2026,2
VISHNU,Vishnu Chemicals Limited,Dividend - Re 0.30 Per Share,21-Aug-2026,21-Aug-2026,2
THOMASCOOK,Thomas Cook  (India)  Limited,Dividend - Rs 0.50 Per Share,27-Aug-2026,27-Aug-2026,1
SWANCORP,SWAN CORP LIMITED,Dividend - Re 0.15 Per Share,28-Aug-2026,28-Aug-2026,1
DYNAMATECH,Dynamatic Technologies Limited,Dividend - Rs 5 Per Share,28-Aug-2026,28-Aug-2026,10
GANESHHOU,GANESH HOUSING LIMITED,Dividend - Rs 1.50 Per Share,31-Aug-2026,31-Aug-2026,10
TRIVENI,Triveni Engineering & Industries Limited,Dividend - Rs 1.25 Per Share,31-Aug-2026,31-Aug-2026,1
CITIUSINVT,Citius TransNet Investment Trust,Distribution - Rs 2.06 Per Unit Consists Of Re 0.7126 Per Unit As Interest/ Rs 1.3458 Per Unit As Repayment Of Debt/ Re 0.0016 Per Unit As Other Income,18-Aug-2026,18-Aug-2026,100
SEITINVIT,Sustainable Energy Infra Trust,Distribution - Rs 3.20900 Per Unit Consist Of Rs 3.20674 Per Unit As Interest / Re 0.00226 Per Unit As Other Income,18-Aug-2026,18-Aug-2026,100
KOVAI,Kovai Medical Center & Hospital Limited,Dividend - Rs 15 Per Share,19-Aug-2026,19-Aug-2026,10
KSHITIJPOL,Kshitij Polyline Limited,Rights 2:5 @ Premium Rs 1.17/-,19-Aug-2026,19-Aug-2026,2
NATCOPHARM,Natco Pharma Limited,Interim Dividend - Rs 1.50 Per Share,20-Aug-2026,20-Aug-2026,2
MAZDOCK,Mazagon Dock Shipbuilders Limited,Dividend - Rs 4.62 Per Share,20-Aug-2026,20-Aug-2026,5
NIITMTS,NIIT Learning Systems Limited,Dividend - Rs 3.25 Per Share,20-Aug-2026,20-Aug-2026,2
TDPOWERSYS,TD Power Systems Limited,Face Value Split (Sub-Division) - From Rs 2/- Per Share To Re 1/- Per Share,24-Aug-2026,24-Aug-2026,2
GILLETTE,Gillette India Limited,Dividend - Rs 60 Per Share,24-Aug-2026,24-Aug-2026,10
PGHL,Procter & Gamble Health Limited,Dividend - Rs 45 Per Share,27-Aug-2026,27-Aug-2026,10
HONDAPOWER,Honda India Power Products Limited,Dividend - Rs 23 Per Share,19-Aug-2026,19-Aug-2026,10
NXT-INFRA,Nxt-Infra Trust,Distribution - Rs 1.1482 Per Unit As Interest,19-Aug-2026,19-Aug-2026,100
OSEINTRUST,Oriental InfraTrust,Distribution - Rs 2.6123 Per Unit Consists Of Rs 1.1894 Per Unit As Interest/ Rs 1.202 Per Unit As Dividend/ Re 0.2209 Per Unit As Return Of Capital,19-Aug-2026,19-Aug-2026,100
TAMBOLIIN,Tamboli Industries Limited,Dividend - Rs 1.20 Per Share,19-Aug-2026,19-Aug-2026,10
NDRINVIT,NDR INVIT Trust,Distribution - Rs 1.94 Per Unit Consists Of Re 0.88 Per Unit As Interest/ Re 0.87 Per Unit As Return Of Capital/ Re 0.19 Per Unit As Dividend,19-Aug-2026,19-Aug-2026,100
CUBEINVIT,Cube Highways Trust,Distribution - Rs 3.95 Per Unit Consisting Of Rs 2.10 Per Unit As Interest/Rs 1.08 Per Unit As Dividend/Re 0.76 Per Unit As Return Of Capital/Rs 0.01 Per Unit As Tresury Income,19-Aug-2026,19-Aug-2026,100
DSSL,Dynacons Systems & Solutions Limited,Interim Dividend - Re 0.50 Per Share,19-Aug-2026,19-Aug-2026,10
FLAIR,Flair Writing Industries Limited,Dividend - Re 0.50 Per Share,19-Aug-2026,19-Aug-2026,5
GULFPETRO,GP Petroleums Limited,Dividend - Re 0.50 Per Share,19-Aug-2026,19-Aug-2026,5
KUANTUM,Kuantum Papers Limited,Dividend - Rs 2.50 Per Share,20-Aug-2026,20-Aug-2026,1
LAOPALA,La Opala RG Limited,Dividend - Rs 5 Per Share,20-Aug-2026,20-Aug-2026,2
COASTCORP,Coastal Corporation Limited,Dividend - Rs 0.28 Per Share,20-Aug-2026,20-Aug-2026,2
OCCLLTD,OCCL Limited,Dividend - Rs 1.80 Per Share,20-Aug-2026,20-Aug-2026,2
VHLTD,Viceroy Hotels Limited,Rights 6:7 @ Premium Rs 105/-,20-Aug-2026,20-Aug-2026,10
MUNJALAU,Munjal Auto Industries Limited,Dividend - Re 1 Per Share,20-Aug-2026,20-Aug-2026,2
SHIVATEX,Shiva Texyarn Limited,Dividend - Re 0.60 Per Share,20-Aug-2026,20-Aug-2026,10
NIITLTD,NIIT Limited,Dividend - Re 1 Per Share,20-Aug-2026,20-Aug-2026,2
SUKHJITS,Sukhjit Starch & Chemicals Limited,Dividend - Re 1 Per Share,20-Aug-2026,20-Aug-2026,5
MAYURUNIQ,Mayur Uniquoters Ltd,Dividend - Rs 6 Per Sh,21-Aug-2026,21-Aug-2026,5
KALYANIFRG,Kalyani Forge Limited,Dividend - Rs 4 Per Share,21-Aug-2026,21-Aug-2026,10
PATANJALI,Patanjali Foods Limited,Interim Dividend - Re 0.80 Per Share,21-Aug-2026,21-Aug-2026,2
PATANJALI,Patanjali Foods Limited,Interim Dividend - Rs 1.50 Per Share,21-Aug-2026,21-Aug-2026,2
SOTL,Savita Oil Technologies Limited,Dividend - Rs 5 Per Share,21-Aug-2026,21-Aug-2026,2
SURYAROSNI,Surya Roshni Limited,Dividend - Rs 2.50 Per Share,21-Aug-2026,21-Aug-2026,5
VADILALIND,Vadilal Industries Limited,Interim Dividend - Rs 17 Per Share,21-Aug-2026,21-Aug-2026,10
SEAMECLTD,Seamec Limited,Dividend - Rs 2 Per Share,21-Aug-2026,21-Aug-2026,10
SHRADHA,Shradha Realty Limited,Dividend - Re 0.60 Per Share,21-Aug-2026,21-Aug-2026,2
JINDALSTEL,JINDAL STEEL LIMITED,Dividend - Rs 2 Per Share,21-Aug-2026,21-Aug-2026,1
DEEPINDS,Deep Industries Limited,Dividend - Rs 2.50 Per Share,21-Aug-2026,21-Aug-2026,5
JSL,Jindal Stainless Limited,Dividend - Rs 3 Per Share,21-Aug-2026,21-Aug-2026,2
ECLERX,eClerx Services Limited,Dividend - Re 1 Per Share,21-Aug-2026,21-Aug-2026,10
GOODLUCK,Goodluck India Limited,Bonus 2:1,21-Aug-2026,21-Aug-2026,2
PFC,Power Finance Corporation Limited,Interim Dividend - Rs 3.90 Per Share,27-Aug-2026,27-Aug-2026,10
NBCC,NBCC (India) Limited,Dividend - Re 0.46 Per Share,28-Aug-2026,28-Aug-2026,1
BBOX,Black Box Limited,Dividend - Re 1 Per Share,28-Aug-2026,28-Aug-2026,2
PGHH,Procter & Gamble Hygiene and Health Care Limited,Dividend - Rs 60 Per Share,01-Sep-2026,01-Sep-2026,10
TBZ,Tribhovandas Bhimji Zaveri Limited,Dividend - Rs 2.50 Per Share,02-Sep-2026,02-Sep-2026,10
COALINDIA,Coal India Limited,Dividend - Rs 5.25 Per Share,04-Sep-2026,04-Sep-2026,10
AIAENG,AIA Engineering Limited,Dividend - Rs 16 Per Share,04-Sep-2026,05-Sep-2026,2
TEGA,Tega Industries Limited,Dividend - Rs 2 Per Share,11-Sep-2026,14-Sep-2026,10
AGI,AGI Greenpac Limited,Dividend - Rs 7 Per Share,15-Sep-2026,15-Sep-2026,2
RELAXO,Relaxo Footwears Limited,Dividend - Rs 3.50 Per Share,18-Sep-2026,18-Sep-2026,1
DAICHI,Dai-Ichi Karkaria Limited,Dividend - Rs 1.50 Per Share,20-Aug-2026,20-Aug-2026,10
KAMAHOLD,Kama Holdings Limited,Interim Dividend - Rs 22.25 Per Share,20-Aug-2026,20-Aug-2026,10
DMCC,DMCC SPECIALITY CHEMICALS LIMITED,Dividend - Rs 2.50 Per Share,21-Aug-2026,21-Aug-2026,10
GANDHITUBE,Gandhi Special Tubes Limited,Buy Back,21-Aug-2026,21-Aug-2026,5
VELJAN,Veljan Denison Limited,Dividend - Rs 8.50 Per Share,21-Aug-2026,22-Aug-2026,10
SJVN,SJVN Limited,Dividend - Re 0.35 Per Share,24-Aug-2026,24-Aug-2026,10
SENCO,Senco Gold Limited,Dividend - Re 1 Per Share,24-Aug-2026,24-Aug-2026,5
IGIL,International Gemological Institute Limited,Interim Dividend - Rs 2.55 Per Share,24-Aug-2026,24-Aug-2026,2
NATIONALUM,National Aluminium Company Limited,Dividend - Re 1 Per Share,24-Aug-2026,24-Aug-2026,5
CORDELIA,Waterways Leisure Tourism Limited,Face Value Split (Sub-Division) - From Rs 10/- Per Share To Re 1/- Per Share,25-Aug-2026,26-Aug-2026,10
SBCL,Shivalik Bimetal Controls Limited,Dividend - Rs 2 Per Share,25-Aug-2026,26-Aug-2026,2
DEEPAKFERT,Deepak Fertilizers and Petrochemicals Corporation Limited,Dividend - Rs 10 Per Share,25-Aug-2026,25-Aug-2026,10
PARAS,Paras Defence and Space Technologies Limited,Dividend - Re 1 Per Share,28-Aug-2026,28-Aug-2026,5
STERTOOLS,Sterling Tools Limited,Dividend - Rs 2.75 Per Share,28-Aug-2026,28-Aug-2026,2
STUDDS,Studds Accessories Limited,Dividend - Rs 3 Per Share,28-Aug-2026,29-Aug-2026,5
POLYMED,Poly Medicure Limited,Dividend - Rs 3.50 Per Share,28-Aug-2026,29-Aug-2026,5
PROTEAN,Protean eGov Technologies Limited,Dividend - Rs 10 Per Share,28-Aug-2026,28-Aug-2026,10
GULPOLY,Gulshan Polyols Limited,Dividend - Rs 1.50 Per Share,28-Aug-2026,28-Aug-2026,1
CORALFINAC,Coral India Finance & Housing Limited,Dividend - Re 0.20 Per Share,28-Aug-2026,28-Aug-2026,2
HONASA,Honasa Consumer Limited,Dividend - Rs 3 Per Share,28-Aug-2026,28-Aug-2026,10
GAEL,Gujarat Ambuja Exports Limited,Dividend - Re 0.30 Per Share,28-Aug-2026,28-Aug-2026,1
WHIRLPOOL,Whirlpool of India Limited,Dividend - Rs 5 Per Share,28-Aug-2026,28-Aug-2026,10
GLENMARK,Glenmark Pharmaceuticals Limited,Dividend - Rs 2.50 Per Share,31-Aug-2026,31-Aug-2026,1
MASTEK,Mastek Limited,Dividend - Rs 16 Per Share,31-Aug-2026,31-Aug-2026,5
IONEXCHANG,ION Exchange (India) Limited,Dividend - Rs 1.25 Per Share,31-Aug-2026,31-Aug-2026,1
AKCAPIT,AK Capital Services Limited,Dividend - Rs 22 Per Share,21-Aug-2026,21-Aug-2026,10
ALFREDHE,Alfred Herbert India Limited,Dividend - Rs 20 Per Share,21-Aug-2026,21-Aug-2026,10
RAJPALAYAM,Rajapalayam Mills Limited,Dividend - Re  0.50 Per Share,21-Aug-2026,21-Aug-2026,10
KSE,KSE Limited,Dividend - Rs 7.50 Per Share,21-Aug-2026,21-Aug-2026,1
SAHYADRI,Sahyadri Industries Limited,Interim Dividend - Rs 2.50 Per Share,21-Aug-2026,21-Aug-2026,10
UNIDT,United Drilling Tools Limited,Interim Dividend - Re 0.60 Per Share,21-Aug-2026,21-Aug-2026,10
MONARCH,Monarch Networth Capital Limited,Dividend - Re 1 Per Share,21-Aug-2026,21-Aug-2026,10
NICCOPAR,Nicco Parks & Resorts Limited,Interim Dividend - Re 0.25 Per Share,21-Aug-2026,21-Aug-2026,1
OMAXAUTO,Omax Autos Limited,Dividend - Rs 2.50 Per Share,21-Aug-2026,21-Aug-2026,10
SIYSIL,Siyaram Silk Mills Limited,Scheme Of Arrangement - Bonus Ncrps 4:1,21-Aug-2026,22-Aug-2026,2
SIYSIL,Siyaram Silk Mills Limited,Scheme Of Arrangement - Bonus Ncrps 3:1,21-Aug-2026,22-Aug-2026,2
AMARJOTHI,Amarjothi Spinning Mills Limited,Dividend - Rs 2.20 Per Share,21-Aug-2026,21-Aug-2026,10
AVL,Aditya Vision Limited,Dividend - Rs 1.25 Per Share,25-Aug-2026,26-Aug-2026,1
DOMS,DOMS Industries Limited,Dividend - Rs 3.65 Per Share,27-Aug-2026,27-Aug-2026,10
ARVSMART,Arvind SmartSpaces Limited,Dividend - Rs 2.25 Per Share,28-Aug-2026,28-Aug-2026,10
IPL,India Pesticides Limited,Dividend - Re 0.75 Per Share,24-Aug-2026,24-Aug-2026,1
GKENERGY,GK Energy Limited,Dividend - Re 0.50 Per Share,24-Aug-2026,24-Aug-2026,2
AMJLAND,Amj Land Holdings Limited,Dividend - Re 0.20 Per Share,24-Aug-2026,24-Aug-2026,2
PDMJEPAPER,Pudumjee Paper Products Limited,Dividend - Re 0.60 Per Share,24-Aug-2026,24-Aug-2026,1
PREMCO,Premco Global Limited,Dividend - Rs 2 Per Share,25-Aug-2026,26-Aug-2026,10
DIFFNKG,Diffusion Engineers Limited,Dividend - Rs 1.50 Per Share,25-Aug-2026,26-Aug-2026,10
NRAIL,N R Agarwal Industries Limited,Dividend - Rs 2 Per Share,25-Aug-2026,26-Aug-2026,10
MASFIN,MAS Financial Services Limited,Dividend - Re 0.75 Per Share,25-Aug-2026,26-Aug-2026,10
DUCON,Ducon Infratechnologies Limited,Rights 10:13 @ Premium Rs 0/-,25-Aug-2026,25-Aug-2026,1
RATNAVEER,Ratnaveer Precision Engineering Limited,Rights 7:40 @ Premium Rs 254/-,25-Aug-2026,26-Aug-2026,10
QUINT,Quint Digital Limited,Rights - 7 Ccps And 7 Warrants:40,25-Aug-2026,25-Aug-2026,10
VHL,Vardhman Holdings Limited,Dividend - Rs 5 Per Share,28-Aug-2026,28-Aug-2026,10
JAYKAY,Jaykay Enterprises Limited,Rights 3:19 @ Premium Rs 74/-,28-Aug-2026,28-Aug-2026,1
SUMIT,Sumit Woods Limited,Dividend - Re 0.20 Per Share,28-Aug-2026,28-Aug-2026,10
VTL,Vardhman Textiles Limited,Dividend - Rs 5 Per Share,28-Aug-2026,28-Aug-2026,2
VSSL,Vardhman Special Steels Limited,Dividend - Rs 3.50 Per Share,28-Aug-2026,28-Aug-2026,10
MUFTI,Credo Brands Marketing Limited,Dividend - Rs 2 Per Share,28-Aug-2026,28-Aug-2026,2
HALDYNGL,Haldyn Glass Limited,Dividend - Re 0.70 Per Share,28-Aug-2026,28-Aug-2026,1
CANTABIL,Cantabil Retail India Limited,Dividend - Re 0.75 Per Share,28-Aug-2026,28-Aug-2026,2
MEDIASSIST,Medi Assist Healthcare Services Limited,Dividend - Rs 2 Per Share,11-Sep-2026,11-Sep-2026,5
JKIL,J.Kumar Infraprojects Limited,Dividend - Rs 4 Per Share,15-Sep-2026,15-Sep-2026,5
MANAKCOAT,Manaksia Coated Metals & Industries Limited,Dividend - Re 0.05 Per Share,27-Aug-2026,27-Aug-2026,1
ROHLTD,Royal Orchid Hotels Limited,Dividend - Rs 2.50 Per Share,28-Aug-2026,28-Aug-2026,10
SALZERELEC,Salzer Electronics Limited,Dividend - Rs 2.50 Per Share,28-Aug-2026,28-Aug-2026,10
MCX,Multi Commodity Exchange of India Limited,Dividend - Rs 8 Per Share,28-Aug-2026,28-Aug-2026,2
VARDHACRLC,Vardhman Acrylics Limited,Dividend - Rs 1.50 Per Share,28-Aug-2026,28-Aug-2026,10
VIKRAN,Vikran Engineering Limited,Dividend - Re 0.18 Per Share,28-Aug-2026,28-Aug-2026,1
YUKEN,Yuken India Limited,Dividend - Rs 1.50 Per Share,28-Aug-2026,28-Aug-2026,10
EMAMIPAP,Emami Paper Mills Limited,Dividend - Rs 3.20 Per Share,28-Aug-2026,28-Aug-2026,2
GUFICBIO,Gufic Biosciences Limited,Dividend - Re 0.10 Per Share,28-Aug-2026,28-Aug-2026,1
DAMCAPITAL,Dam Capital Advisors Limited,Dividend - Re 1 Per Share,28-Aug-2026,28-Aug-2026,2
CCL,CCL Products (India) Limited,Dividend - Rs 3 Per Share,01-Sep-2026,01-Sep-2026,2
697GS2026,GOVERNMENT OF INDIA,Redemption,03-Sep-2026,03-Sep-2026,100
1018GS2026,GOVERNMENT OF INDIA,Redemption,09-Sep-2026,09-Sep-2026,100
ADSL,Allied Digital Services Limited,Dividend - Rs 1.50 Per Share,28-Aug-2026,28-Aug-2026,5
795GS2032,GOVERNMENT OF INDIA,Interest Payment,28-Aug-2026,28-Aug-2026,100
ORBTEXP,Orbit Exports Limited,Dividend - Re 0.50 Per Share,31-Aug-2026,31-Aug-2026,10
TOTAL,Total Transport Systems Limited,Dividend - Rs 1.25 Per Share,31-Aug-2026,31-Aug-2026,10
RICOAUTO,Rico Auto Industries Limited,Dividend - Re 0.55 Per Share,01-Sep-2026,01-Sep-2026,1
JINDRILL,Jindal Drilling And Industries Limited,Dividend - Re 1 Per Share,01-Sep-2026,01-Sep-2026,5
TAJGVK,Taj GVK Hotels & Resorts Limited,Dividend - Rs 2 Per Share,01-Sep-2026,01-Sep-2026,2
MAHSEAMLES,Maharashtra Seamless Limited,Dividend - Rs 10 Per Share,01-Sep-2026,01-Sep-2026,5
BENGALASM,Bengal & Assam Company Limited,Dividend - Rs 50 Per Share,01-Sep-2026,01-Sep-2026,10
AKCAPIT,AK Capital Services Limited,Interim Dividend - Rs 12 Per Share,01-Sep-2026,01-Sep-2026,10
AEROENTER,Aeroflex Enterprises Limited,Dividend - Re 0.40 Per Share,01-Sep-2026,01-Sep-2026,2
ALIVUS,Alivus Life Sciences Limited,Dividend - Rs 5 Per Share,01-Sep-2026,01-Sep-2026,2
VADILENT,Vadilal Enterprises Limited,Dividend - Rs 1.50 Per Share,01-Sep-2026,01-Sep-2026,10
ORIRAIL,Oriental Rail Infrastructure Limited,Dividend - Re 0.10 Per Share,01-Sep-2026,01-Sep-2026,1
GARFIBRES,Garware Technical Fibres Limited,Dividend - Re 1 Per Share,01-Sep-2026,01-Sep-2026,10
SUPRAJIT,Suprajit Engineering Limited,Dividend - Rs 2 Per Share,01-Sep-2026,01-Sep-2026,1
INDIAGLYCO,India Glycols Limited,Demerger,02-Sep-2026,02-Sep-2026,5
GAIL,GAIL (India) Limited,Dividend - Re 0.50 Per Share,02-Sep-2026,02-Sep-2026,10
TRITURBINE,Triveni Turbine Limited,Dividend - Rs 2 Per Share,02-Sep-2026,02-Sep-2026,1
NTPC,NTPC Limited,Dividend - Rs 3.50 Per Share,02-Sep-2026,02-Sep-2026,10
GPPL,Gujarat Pipavav Port Limited,Dividend - Rs 5 Per Share,02-Sep-2026,02-Sep-2026,10
CLEAN,Clean Science and Technology Limited,Dividend - Rs 4 Per Share,04-Sep-2026,05-Sep-2026,1
HEG,HEG Limited,Demerger,07-Sep-2026,07-Sep-2026,2
APLAPOLLO,APL Apollo Tubes Limited,Dividend - Rs 8.50 Per Share,08-Sep-2026,08-Sep-2026,2
TRANSRAILL,Transrail Lighting Limited,Dividend - Rs 2 Per Share,11-Sep-2026,11-Sep-2026,2
CEIGALL,Ceigall India Limited,Dividend - Re 0.50 Per Share,11-Sep-2026,11-Sep-2026,5
POCL,Pondy Oxides & Chemicals Limited,Dividend - Rs 2 Per Share,15-Sep-2026,15-Sep-2026,2
KNRCON,KNR Constructions Limited,Dividend - Re 0.25 Per Share,15-Sep-2026,15-Sep-2026,2
SMSPHARMA,SMS Pharmaceuticals Limited,Dividend - Re 0.40 Per Share,16-Sep-2026,16-Sep-2026,1
HGS,Hinduja Global Solutions Limited,Dividend - Rs 5 Per Share,18-Sep-2026,18-Sep-2026,10
CAPLIPOINT,Caplin Point Laboratories Limited,Dividend - Rs 4 Per Share,18-Sep-2026,18-Sep-2026,2
KAJARIACER,Kajaria Ceramics Limited,Dividend - Rs 6 Per Share,21-Sep-2026,21-Sep-2026,1
JENBURPH,Jenburkt Pharmaceuticals Limited,Dividend - Rs 20.70 Per Share,28-Aug-2026,28-Aug-2026,10
ORBTEXP,Orbit Exports Limited,Interim Dividend - Re 0.50 Per Share,31-Aug-2026,31-Aug-2026,10
GEEKAYWIRE,Geekay Wires Limited,Dividend - Re 0.35 Per Share,02-Sep-2026,02-Sep-2026,1
DRAGARWQ,Dr Agarwals Eye Hospital Limited,Dividend - Rs 4 Per Share,02-Sep-2026,02-Sep-2026,10
COMPUSOFT,Compucom Software Limited,Dividend - Re 0.25 Per Share,02-Sep-2026,02-Sep-2026,2
CHEMFAB,Chemfab Alkalis Limited,Dividend - Rs 1.25 Per Share,02-Sep-2026,02-Sep-2026,10
BLACKROSE,Black Rose Inds. Limited,Dividend - Rs 1.25 Per Share,02-Sep-2026,02-Sep-2026,1
ACE,Action Construction Equipment Limited,Dividend - Rs 2 Per Share,03-Sep-2026,03-Sep-2026,2
BIRLAPREC,Birla Precision Technologies Limited,Dividend - Re 0.05 Per Share,03-Sep-2026,03-Sep-2026,2
NIRLON,Nirlon Limited,Dividend - Rs 15 Per Share,03-Sep-2026,03-Sep-2026,10
VADILALIND,Vadilal Industries Limited,Dividend - Rs 43 Per Share,03-Sep-2026,03-Sep-2026,10
INTERARCH,Interarch Building Solutions Limited,Dividend - Rs 12.50 Per Share,03-Sep-2026,03-Sep-2026,10
TCC,TCC Concept Limited,Face Value Split (Sub-Division) - From Rs 10/- Per Share To Rs 2/- Per Share,04-Sep-2026,04-Sep-2026,10
CARRARO,Carraro India Limited,Dividend - Rs 6.75 Per Share,03-Sep-2026,03-Sep-2026,10
ARVIND,Arvind Limited,Dividend - Rs 4.50 Per Share,04-Sep-2026,04-Sep-2026,10
EMCURE,Emcure Pharmaceuticals Limited,Dividend - Rs 3.60 Per Share,04-Sep-2026,04-Sep-2026,10
FCL,Fineotex Chemical Limited,Dividend - Re 0.05 Per Share,04-Sep-2026,04-Sep-2026,1
FINCABLES,Finolex Cables Limited,Dividend - Rs 9 Per Share,04-Sep-2026,04-Sep-2026,2
GICRE,General Insurance Corporation of India,Dividend - Rs 13.25 Per Share,04-Sep-2026,04-Sep-2026,5
GULFOILLUB,Gulf Oil Lubricants India Limited,Dividend - Rs 30 Per Share,04-Sep-2026,04-Sep-2026,2
CGCL,Capri Global Capital Limited,Dividend - Re 0.20 Per Share,04-Sep-2026,04-Sep-2026,1
OIL,Oil India Limited,Dividend - Re 1 Per Share,04-Sep-2026,04-Sep-2026,10
ONGC,Oil & Natural Gas Corporation Limited,Dividend - Re 1 Per Share,04-Sep-2026,04-Sep-2026,5
PARADEEP,Paradeep Phosphates Limited,Dividend - Rs 1.50 Per Share,04-Sep-2026,04-Sep-2026,10
SUPRIYA,Supriya Lifescience Limited,Dividend - Re 1 Per Share,04-Sep-2026,04-Sep-2026,2
PVRINOX,PVR INOX Limited,Buy Back,04-Sep-2026,04-Sep-2026,10
VENUSPIPES,Venus Pipes & Tubes Limited,Dividend - Re 0.50 Per Share,04-Sep-2026,04-Sep-2026,10
METROBRAND,Metro Brands Limited,Dividend - Rs 3 Per Share,04-Sep-2026,04-Sep-2026,5
SCI,Shipping Corporation Of India Limited,Dividend - Re 1 Per Share,04-Sep-2026,04-Sep-2026,10
INDIGOPNTS,Indigo Paints Limited,Dividend - Rs 5 Per Share,04-Sep-2026,04-Sep-2026,10
SHILPAMED,Shilpa Medicare Limited,Dividend - Re 0.60 Per Share,04-Sep-2026,04-Sep-2026,1
JAGSNPHARM,Jagsonpal Pharmaceuticals Limited,Dividend - Rs 4 Per Share,04-Sep-2026,04-Sep-2026,2
FMGOETZE,Federal-Mogul Goetze (India) Limited.,Interim Dividend - Rs 7.50 Per Share & Special Dividend Rs 86.50 Per Share,04-Sep-2026,04-Sep-2026,10
SPAL,S. P. Apparels Limited,Dividend - Rs 3 Per Share,04-Sep-2026,04-Sep-2026,10
SPECIALITY,Speciality Restaurants Limited,Dividend - Re 1 Per Share,04-Sep-2026,04-Sep-2026,10
STOVEKRAFT,Stove Kraft Limited,Dividend - Rs 3.50 Per Share,04-Sep-2026,04-Sep-2026,10
MAZDA,Mazda Limited,Dividend - Rs 4 Per Share,04-Sep-2026,04-Sep-2026,2
NAHARCAP,Nahar Capital and Financial Services Limited,Dividend - Rs 1.50 Per Share,04-Sep-2026,04-Sep-2026,5
NAHARPOLY,Nahar Poly Films Limited,Dividend - Rs 1.50 Per Share,04-Sep-2026,04-Sep-2026,5
NAHARSPING,Nahar Spinning Mills Limited,Dividend - Re 1 Per Share,04-Sep-2026,04-Sep-2026,5
SCILAL,Shipping Corporation of India Land and Assets Limited,Dividend - Re 0.55 Per Share,04-Sep-2026,04-Sep-2026,10
OMINFRAL,OM INFRA LIMITED,Dividend - Re 0.50 Per Share,04-Sep-2026,04-Sep-2026,1
HIKAL,Hikal Limited,Dividend - Re 0.40 Per Share,04-Sep-2026,04-Sep-2026,2
HITECHCORP,Hitech Corporation Limited,Dividend - Re 1 Per Share,04-Sep-2026,04-Sep-2026,10
JOCIL,Jocil Limited,Dividend - Rs 3.50 Per Share,04-Sep-2026,04-Sep-2026,10
SKIPPER,Skipper Limited,Dividend - Re 0.10 Per Share,08-Sep-2026,08-Sep-2026,1
POEL,POCL Enterprises Limited,Dividend - Re 0.80 Per Share,04-Sep-2026,04-Sep-2026,2
SPORTKING,Sportking India Limited,Dividend - Re 1 Per Share,04-Sep-2026,05-Sep-2026,1
MMP,MMP Industries Limited,Dividend - Rs 2 Per Share,04-Sep-2026,05-Sep-2026,10
TEXINFRA,Texmaco Infrastructure & Holdings Limited,Dividend - Re 0.15 Per Share,07-Sep-2026,07-Sep-2026,1
GEECEE,GeeCee Ventures Limited,Dividend - Rs 2 Per Share,07-Sep-2026,07-Sep-2026,10
TRANSPEK,Transpek Industry Limited,Dividend - Rs 20 Per Share,07-Sep-2026,07-Sep-2026,10
TVSHLTD,TVS Holdings Limited,Scheme Of Arrangement - Bonus Ncrps 46:1,08-Sep-2026,08-Sep-2026,5
POLYPLEX,Polyplex Corporation Limited,Dividend - Re 1 Per Share,08-Sep-2026,08-Sep-2026,10
BLSE,BLS E-Services Limited,Dividend - Re 0.50 Per Share,08-Sep-2026,08-Sep-2026,10
BHANDARI,Bhandari Hosiery Exports Limited,Dividend - Re 0.01 Per Share,08-Sep-2026,08-Sep-2026,1
KDDL,KDDL Limited,Dividend - Rs 8 Per Share,08-Sep-2026,08-Sep-2026,10
SINCLAIR,Sinclairs Hotels Limited,Dividend - Rs 0.80 Per Share,08-Sep-2026,08-Sep-2026,2
RUSHIL,Rushil Decor Limited,Dividend - Re 0.05 Per Share,08-Sep-2026,08-Sep-2026,1
TINNARUBR,Tinna Rubber and Infrastructure Limited,Dividend - Rs 3.25 Per Share,08-Sep-2026,08-Sep-2026,10
PRINCEPIPE,Prince Pipes And Fittings Limited,Dividend - Re 1 Per Share,09-Sep-2026,09-Sep-2026,10
GLOBUSSPR,Globus Spirits Limited,Dividend - Rs 6.53 Per Share,08-Sep-2026,08-Sep-2026,10
JBMA,JBM Auto Limited,Dividend - Re 0.85 Per Share,09-Sep-2026,09-Sep-2026,1
AASTHA,Aastha Spintex Limited,Dividend - Re 0.10 Per Share,09-Sep-2026,09-Sep-2026,10
TRAVELFOOD,Travel Food Services Limited,Dividend - Rs 10.25 Per Share,09-Sep-2026,09-Sep-2026,1
CENTURYPLY,Century Plyboards (India) Limited,Dividend - Re 1 Per Share,09-Sep-2026,09-Sep-2026,1
GNFC,Gujarat Narmada Valley Fertilizers and Chemicals Limited,Dividend - Rs 21 Per Share,09-Sep-2026,09-Sep-2026,10
WORTHPERI,Worth Peripherals Limited,Dividend - Re 1 Per Share,09-Sep-2026,09-Sep-2026,10
FORCEMOT,FORCE MOTORS LTD,Dividend - Rs 50 Per Share,09-Sep-2026,09-Sep-2026,10
SHREDIGCEM,Shree Digvijay Cement Co.Ltd,Dividend - Re 1 Per Share,09-Sep-2026,09-Sep-2026,10
ASALCBR,Associated Alcohols & Breweries Ltd.,Dividend - Rs 2 Per Share,09-Sep-2026,09-Sep-2026,10
SHAREINDIA,Share India Securities Limited,Dividend - Re 0.50 Per Share,09-Sep-2026,09-Sep-2026,2
KRONOX,Kronox Lab Sciences Limited,Dividend - Re 0.50 Per Share,09-Sep-2026,09-Sep-2026,10
TVSSRICHAK,TVS Srichakra Limited,Dividend - Rs 37.80 Per Share,10-Sep-2026,10-Sep-2026,10
ZEEL,Zee Entertainment Enterprises Limited,Dividend - Rs 2 Per Share,10-Sep-2026,10-Sep-2026,1
APEX,Apex Frozen Foods Limited,Dividend - Rs 2.50 Per Share,10-Sep-2026,10-Sep-2026,10
MBEL,M & B Engineering Limited,Dividend - Re 1 Per Share,10-Sep-2026,10-Sep-2026,10
RADIANTCMS,Radiant Cash Management Services Limited,Dividend - Re 2.50 Per Share,10-Sep-2026,10-Sep-2026,1
POWERMECH,Power Mech Projects Limited,Dividend - Rs 1.50 Per Share,10-Sep-2026,10-Sep-2026,10
LINC,Linc Limited,Dividend - Rs 1.50 Per Share,10-Sep-2026,10-Sep-2026,5
GANECOS,Ganesha Ecosphere Limited,Dividend - Rs 3.50 Per Share,10-Sep-2026,10-Sep-2026,10
DIVGIITTS,Divgi Torqtransfer Systems Limited,Dividend - Rs 3.27 Per Share,10-Sep-2026,10-Sep-2026,5
INDOCO,Indoco Remedies Limited,Dividend - Re 0.20 Per Share,10-Sep-2026,10-Sep-2026,2
EMPIND,Empire Industries Limited,Dividend - Rs 25 Per Share & Special Dividend Rs 25 Per Share,09-Sep-2026,09-Sep-2026,10
JYOTIRES,Jyoti Resins & Adhesives Limited,Dividend - Rs 9 Per Share,09-Sep-2026,09-Sep-2026,10
GRAUWEIL,Grauer & Weil India Limited,Dividend - Re 0.50 Per Share,10-Sep-2026,10-Sep-2026,1
SICAGEN,Sicagen India Limited,Dividend - Re 1 Per Share,10-Sep-2026,10-Sep-2026,10
LINCOLN,Lincoln Pharmaceuticals Limited,Dividend - Rs 1.80 Per Share,11-Sep-2026,11-Sep-2026,10
ATULAUTO,Atul Auto Limited,Dividend - Rs 3 Per Share,11-Sep-2026,11-Sep-2026,5
TATVA,Tatva Chintan Pharma Chem Limited,Dividend - Rs 2 Per Share,11-Sep-2026,11-Sep-2026,10
TECHNOE,Techno Electric & Engineering Company Limited,Dividend - Rs 7 Per Share,11-Sep-2026,11-Sep-2026,2
TEXRAIL,Texmaco Rail & Engineering Limited,Dividend - Re 0.75 Per Share,11-Sep-2026,11-Sep-2026,1
PGIL,Pearl Global Industries Limited,Bonus 1:1,11-Sep-2026,11-Sep-2026,5
PITTIENG,Pitti Engineering Limited,Dividend - Rs 2.50 Per Share,11-Sep-2026,11-Sep-2026,5
VENKEYS,Venky's (India) Limited,Dividend - Rs 10 Per Share,11-Sep-2026,11-Sep-2026,10
PYRAMID,Pyramid Technoplast Limited,Dividend - Re 0.50 Per Share,11-Sep-2026,11-Sep-2026,10
SANDHAR,Sandhar Technologies Limited,Dividend - Rs 4 Per Share,11-Sep-2026,11-Sep-2026,10
WAAREEENER,Waaree Energies Limited,Dividend - Rs 2 Per Share,11-Sep-2026,11-Sep-2026,10
SHAILY,Shaily Engineering Plastics Limited,Dividend - Rs 3 Per Share,11-Sep-2026,11-Sep-2026,2
MARINE,Marine Electricals (India) Limited,Dividend - Re 0.30 Per Share,11-Sep-2026,11-Sep-2026,2
STARTECK,Starteck Finance Limited,Dividend - Re 0.25 Per Share,11-Sep-2026,11-Sep-2026,10
STEELCITY,Steel City Securities Limited,Interim Dividend - Re 1 Per Share,11-Sep-2026,11-Sep-2026,10
SUBROS,Subros Limited,Dividend - Rs 3 Per Share,11-Sep-2026,11-Sep-2026,2
HBLENGINE,HBL Engineering Limited,Dividend - Re 1 Per Share,11-Sep-2026,11-Sep-2026,1
HEIDELBERG,HeidelbergCement India Limited,Dividend - Rs 7 Per Share,11-Sep-2026,11-Sep-2026,10
CHALET,Chalet Hotels Limited,Dividend - Re 1 Per Share,11-Sep-2026,11-Sep-2026,10
DYNPRO,Dynemic Products Limited,Dividend - Rs 1.50 Per Share,11-Sep-2026,11-Sep-2026,10
AMNPLST,Amines & Plasticizers Limited,Dividend - Re 0.50 Per Share,11-Sep-2026,11-Sep-2026,2
SUNFLAG,Sunflag Iron And Steel Company Limited,Dividend - Rs 10 Per Share,11-Sep-2026,11-Sep-2026,10
CHEMCRUX,Chemcrux Enterprises Limited,Dividend - Re 1 Per Share,10-Sep-2026,10-Sep-2026,10
NCLIND,NCL Industries Limited,Dividend - Rs 2 Per Share,11-Sep-2026,11-Sep-2026,10
SBGLP,Suratwwala Business Group Limited,Dividend - Re 0.12 Per Share,11-Sep-2026,11-Sep-2026,1
IREDA,Indian Renewable Energy Development Agency Limited,Dividend - Re 0.75 Per Share,11-Sep-2026,11-Sep-2026,10
IRMENERGY,IRM Energy Limited,Dividend - Rs 1.50 Per Share,11-Sep-2026,11-Sep-2026,10
BLUEJET,Blue Jet Healthcare Limited,Dividend - Rs 1.20 Per Share,11-Sep-2026,14-Sep-2026,2
GSPCROP,GSP Crop Science Limited,Dividend - Re 1 Per Share,11-Sep-2026,11-Sep-2026,10
GUJENERGY,GUJARAT ENERGY LIMITED,Dividend - Rs 8.90 Per Share,11-Sep-2026,11-Sep-2026,2
CMSINFO,CMS Info Systems Limited,Dividend - Rs 2.50 Per Share,11-Sep-2026,14-Sep-2026,10
COMPEAU,Competent Automobiles Company Limited,Dividend - Re 1 Per Share,11-Sep-2026,11-Sep-2026,10
AARTIIND,Aarti Industries Limited,Dividend - Re 1 Per Share,11-Sep-2026,14-Sep-2026,5
DATAMATICS,Datamatics Global Services Limited,Dividend - Rs 5 Per Share,11-Sep-2026,11-Sep-2026,5
ALPHAGEO,Alphageo (India) Limited,Dividend - Rs 5 Per Share,11-Sep-2026,11-Sep-2026,10
AMRUTANJAN,Amrutanjan Health Care Limited,Dividend - Rs 2.90 Per Share,11-Sep-2026,11-Sep-2026,1
APARINDS,Apar Industries Limited,Dividend - Rs 60 Per Share,11-Sep-2026,14-Sep-2026,10
ARIHANTSUP,Arihant Superstructures Limited,Dividend - Re 0.25 Per Share,11-Sep-2026,11-Sep-2026,10
ASAHIINDIA,Asahi India Glass Limited,Dividend - Rs 2 Per Share,11-Sep-2026,11-Sep-2026,1
EDELWEISS,Edelweiss Financial Services Limited,Dividend - Rs 1.50 Per Share,11-Sep-2026,13-Sep-2026,1
ASTRAMICRO,Astra Microwave Products Limited,Dividend - Rs 2.40 Per Share,11-Sep-2026,11-Sep-2026,2
AXITA,Axita Cotton Limited,Dividend - Re 0.05 Per Share,11-Sep-2026,11-Sep-2026,1
FINPIPE,Finolex Industries Limited,Dividend - Rs 2 Per Share & Special Dividend Re 0.75 Per Share,11-Sep-2026,11-Sep-2026,2
BAJAJHCARE,Bajaj Healthcare Limited,Dividend - Rs 1.50 Per Share,11-Sep-2026,14-Sep-2026,5
BALMLAWRIE,Balmer Lawrie & Company Limited,Dividend - Rs 4.25 Per Share,11-Sep-2026,14-Sep-2026,10
BECTORFOOD,Mrs. Bectors Food Specialities Limited,Dividend - Re 0.70 Per Share,11-Sep-2026,11-Sep-2026,2
GIPCL,Gujarat Industries Power Company Limited,Dividend - Rs 4.10 Per Share,11-Sep-2026,11-Sep-2026,10
ZUARIIND,ZUARI INDUSTRIES LIMITED,Dividend - Re 1 Per Share,11-Sep-2026,14-Sep-2026,10
SIGNPOST,Signpost India Limited,Dividend - Re 0.50 Per Share,11-Sep-2026,11-Sep-2026,2
JTLIND,JTL INDUSTRIES LIMITED,Dividend - Re 0.125 Per Share,11-Sep-2026,11-Sep-2026,1
PHOENIXLTD,The Phoenix Mills Limited,Dividend - Rs 2.50 Per Share,11-Sep-2026,11-Sep-2026,2
SKMEGGPROD,SKM Egg Products Export (India) Limited,Dividend - Rs 1.25 Per Share,11-Sep-2026,11-Sep-2026,5
PODDARMENT,Poddar Pigments Limited,Dividend - Rs 4 Per Share,11-Sep-2026,14-Sep-2026,10
PPAP,PPAP Automotive Limited,Dividend - Rs 1.50 Per Share,11-Sep-2026,11-Sep-2026,10
KRYSTAL,Krystal Integrated Services Limited,Dividend - Rs 1.50 Per Share,11-Sep-2026,11-Sep-2026,10
SUNFLAG,Sunflag Iron And Steel Company Limited,Dividend - Re 1 Per Share,11-Sep-2026,11-Sep-2026,10
SUYOG,Suyog Telematics Limited,Dividend - Re 1 Per Share,11-Sep-2026,11-Sep-2026,10
LOTUSDEV,Sri Lotus Developers and Realty Limited,Interim Dividend - Re 0.30 Per Share,11-Sep-2026,11-Sep-2026,1
TALBROAUTO,Talbros Automotive Components Limited,Dividend - Re 0.55 Per Share,11-Sep-2026,11-Sep-2026,2
RHIM,RHI MAGNESITA INDIA LIMITED,Dividend - Rs 2.50 Per Share,11-Sep-2026,14-Sep-2026,1
RUPA,Rupa & Company Limited,Dividend - Rs 3 Per Share,11-Sep-2026,11-Sep-2026,1
MANCREDIT,Mangal Credit and Fincorp Limited,Dividend - Re 0.75 Per Share,11-Sep-2026,14-Sep-2026,10
MANORAMA,Manorama Industries Limited,Dividend - Re 0.80 Per Share,11-Sep-2026,14-Sep-2026,2
METROGLOBL,Metroglobal Limited,Dividend - Rs 2.50 Per Share,11-Sep-2026,11-Sep-2026,10
MOLDTECH,Mold-Tek Technologies Limited,Dividend - Rs 2 Per Share,11-Sep-2026,14-Sep-2026,2
MOLDTKPAC,Mold-Tek Packaging Limited,Dividend - Rs 3 Per Share,11-Sep-2026,14-Sep-2026,5
UTTAMSUGAR,Uttam Sugar Mills Limited,Dividend - Rs 2.50 Per Share,11-Sep-2026,11-Sep-2026,10
INDOTHAI,Indo Thai Securities Limited,Dividend - Re 0.10 Per Share,11-Sep-2026,12-Sep-2026,1
NATHBIOGEN,Nath Bio-Genes (India) Limited,Dividend - Rs 2 Per Share,11-Sep-2026,11-Sep-2026,10
NFL,National Fertilizers Limited,Dividend - Rs 1.04 Per Share,11-Sep-2026,14-Sep-2026,10
NITINSPIN,Nitin Spinners Limited,Dividend - Rs 3 Per Share,11-Sep-2026,14-Sep-2026,10
KALYANKJIL,Kalyan Jewellers India Limited,Dividend - Rs 2.50 Per Share,11-Sep-2026,12-Sep-2026,10
PAISALO,Paisalo Digital Limited,Dividend - Re 0.10 Per Share,11-Sep-2026,14-Sep-2026,1
SRD,Shankar Lal Rampal Dye-Chem Limited,Dividend - Re 0.05 Per Share,11-Sep-2026,12-Sep-2026,10
ASHIKAG,Ashika Global Securities Limited,Dividend - Re 0.50 Per Share,11-Sep-2026,12-Sep-2026,10
BANCOINDIA,Banco Products (I) Limited,Dividend - Rs 8 Per Share,11-Sep-2026,12-Sep-2026,2
ADVAIT,Advait Energy Transitions Limited,Dividend - Rs 2 Per Share,11-Sep-2026,14-Sep-2026,10
BLIL,Balmer Lawrie Investments Limited,Dividend - Rs 2.27 Per Share,11-Sep-2026,14-Sep-2026,1
BPLPHARMA,Bharat Parenterals Limited,Dividend - Re 1 Per Share,11-Sep-2026,12-Sep-2026,10
BRIGHTBR,Bright Brothers Limited,Dividend - Rs 2 Per Share,11-Sep-2026,11-Sep-2026,10
GSFC,Gujarat State Fertilizers & Chemicals Limited,Dividend - Rs 5 Per Share,11-Sep-2026,12-Sep-2026,2
COMFINTE,Comfort Intech Limited,Dividend - Re 0.05 Per Share,11-Sep-2026,14-Sep-2026,1
CONSOFINVT,Consolidated Finvest & Holdings Limited,Dividend - Rs 1.47 Per Share,11-Sep-2026,14-Sep-2026,10
CSLFINANCE,CSL Finance Limited,Dividend - Rs 3 Per Share & Special Dividend Rs 7 Per Share,11-Sep-2026,12-Sep-2026,10
DCI,DC Infotech and Communication Limited,Dividend - Re 0.10 Per Share,11-Sep-2026,12-Sep-2026,10
KTKBANK,The Karnataka Bank Limited,Dividend - Rs 5 Per Share,15-Sep-2026,15-Sep-2026,10
HEXAGON,Hexagon Nutrition Limited,Dividend - Re 0.30 Per Share,15-Sep-2026,15-Sep-2026,1
CARYSIL,CARYSIL LIMITED,Dividend - Rs 3 Per Share,15-Sep-2026,15-Sep-2026,2
AARTIPHARM,Aarti Pharmalabs Limited,Dividend - Rs 2 Per Share,15-Sep-2026,15-Sep-2026,5
HPAL,HP Adhesives Limited,Dividend - Re 0.40 Per Share,15-Sep-2026,15-Sep-2026,2
HITECHGEAR,The Hi-Tech Gears Limited,Dividend - Rs 4 Per Share,15-Sep-2026,15-Sep-2026,10
SYSTMTXC,Systematix Corporate Services Limited,Dividend - Re 0.10 Per Share,15-Sep-2026,15-Sep-2026,1
BLUEDART,Blue Dart Express Limited,Dividend - Rs 25 Per Share,15-Sep-2026,15-Sep-2026,10
ARROWGREEN,Arrow Greentech Limited,Dividend - Rs 5 Per Share,15-Sep-2026,15-Sep-2026,10
TI,Tilaknagar Industries Limited,Dividend - Re 1 Per Share,15-Sep-2026,15-Sep-2026,10
TIMETECHNO,Time Technoplast Limited,Dividend - Rs 1.50 Per Share,15-Sep-2026,15-Sep-2026,1
TPLPLASTEH,TPL Plastech Limited,Dividend - Rs 1.30 Per Share,15-Sep-2026,15-Sep-2026,2
MANAKALUCO,Manaksia Aluminium Company Limited,Dividend - Re 0.05 Per Share,15-Sep-2026,15-Sep-2026,1
SOLEX,Solex Energy Limited,Dividend - Re 0.55 Per Share,15-Sep-2026,15-Sep-2026,10
ITDC,India Tourism Development Corporation Limited,Dividend - Rs 2.95 Per Share,15-Sep-2026,15-Sep-2026,10
ITL,ITL Industries Limited,Dividend - Rs 1.25 Per Share,15-Sep-2026,15-Sep-2026,10
IVC,IL&FS Investment Managers Limited,Dividend - Re 0.70 Per Share,15-Sep-2026,15-Sep-2026,2
IWP,The Indian Wood Products Company Limited,Dividend - Re 0.20 Per Share,15-Sep-2026,15-Sep-2026,2
AKSHARCHEM,AksharChem India Limited,Dividend - Re 0.50 Per Share,15-Sep-2026,15-Sep-2026,10
NDLVENTURE,NDL Ventures Limited,Dividend - Re 0.50 Per Share,15-Sep-2026,15-Sep-2026,10
SUPERHOUSE,Superhouse Limited,Dividend - Re 0.80 Per Share,15-Sep-2026,15-Sep-2026,10
SUPTANERY,Super Tannery Limited,Dividend - Re 0.05 Per Share,15-Sep-2026,15-Sep-2026,1
SURAKSHA,Suraksha Diagnostic Limited,Dividend - Re 0.50 Per Share,15-Sep-2026,15-Sep-2026,2
WEBELSOLAR,Websol Energy System Limited,Dividend - Re 0.25 Per Share,15-Sep-2026,15-Sep-2026,1
DBL,Dilip Buildcon Limited,Dividend - Re 1 Per Share,15-Sep-2026,15-Sep-2026,10
KANCHI,Kanchi Karpooram Limited,Dividend - Re 1 Per Share,15-Sep-2026,15-Sep-2026,10
FILATEX,Filatex India Limited,Dividend - Re 0.30 Per Share,15-Sep-2026,15-Sep-2026,1
FRONTSP,Frontier Springs Limited,Dividend - Rs 0.70 Per Share,15-Sep-2026,15-Sep-2026,10
BELRISE,Belrise Industries Limited,Dividend - Re 0.55 Per Share,15-Sep-2026,15-Sep-2026,5
CENTEXT,Century Extrusions Limited,Rights 3:8 @ Premium Rs 14/-,15-Sep-2026,15-Sep-2026,1
GRWRHITECH,Garware Hi-Tech Films Limited,Dividend - Rs 12 Per Share,16-Sep-2026,16-Sep-2026,10
HINDCOPPER,Hindustan Copper Limited,Dividend - Rs 1.86 Per Share,16-Sep-2026,16-Sep-2026,5
BLS,BLS International Services Limited,Dividend - Re 0.50 Per Share,16-Sep-2026,16-Sep-2026,1
VSTTILLERS,V.S.T Tillers Tractors Limited,Dividend - Rs 25 Per Share,16-Sep-2026,16-Sep-2026,10
JASH,Jash Engineering Limited,Dividend - Re 1 Per Share,16-Sep-2026,16-Sep-2026,2
VINATIORGA,Vinati Organics Limited,Dividend - Rs 8.50 Per Share,16-Sep-2026,16-Sep-2026,1
VIJAYA,Vijaya Diagnostic Centre Limited,Dividend - Rs 2 Per Share,16-Sep-2026,16-Sep-2026,1
PRAKASH,Prakash Industries Limited,Dividend - Rs 1.80 Per Share,16-Sep-2026,16-Sep-2026,10
MACPOWER,Macpower CNC Machines Limited,Dividend - Rs 1.50 Per Share,16-Sep-2026,16-Sep-2026,10
63MOONS,63 moons technologies limited,Dividend - Rs 2 Per Share,16-Sep-2026,16-Sep-2026,2
SANSERA,Sansera Engineering Limited,Dividend - Rs 4 Per Share,17-Sep-2026,17-Sep-2026,2
