SYMBOL,PERIOD,PROMOTER_%,PLEDGED_%,FII_%,DII_%,MF_%,PUBLIC_%,SOURCE
RELIANCE,30-JUN-2026,50.48,,,,,,/api/corporate-share-holdings-master
RELIANCE,31-MAR-2026,50.0,,,,,,/api/corporate-share-holdings-master
RELIANCE,31-DEC-2025,50.01,,,,,,/api/corporate-share-holdings-master
RELIANCE,30-SEP-2025,50.01,,,,,,/api/corporate-share-holdings-master
RELIANCE,30-JUN-2025,50.07,,,,,,/api/corporate-share-holdings-master
RELIANCE,31-MAR-2025,50.11,,,,,,/api/corporate-share-holdings-master
RELIANCE,31-DEC-2024,50.13,,,,,,/api/corporate-share-holdings-master
RELIANCE,29-OCT-2024,50.24,,,,,,/api/corporate-share-holdings-master
RELIANCE,30-SEP-2024,50.24,,,,,,/api/corporate-share-holdings-master
RELIANCE,30-JUN-2024,50.33,,,,,,/api/corporate-share-holdings-master
RELIANCE,31-MAR-2024,50.31,,,,,,/api/corporate-share-holdings-master
RELIANCE,31-DEC-2023,50.3,,,,,,/api/corporate-share-holdings-master
RELIANCE,30-SEP-2023,50.27,,,,,,/api/corporate-share-holdings-master
RELIANCE,30-JUN-2023,50.39,,,,,,/api/corporate-share-holdings-master
RELIANCE,31-MAR-2023,50.41,,,,,,/api/corporate-share-holdings-master
RELIANCE,31-DEC-2022,50.49,,,,,,/api/corporate-share-holdings-master
RELIANCE,30-SEP-2022,50.57,,,,,,/api/corporate-share-holdings-master
RELIANCE,30-JUN-2022,50.62,,,,,,/api/corporate-share-holdings-master
RELIANCE,31-MAR-2022,50.66,,,,,,/api/corporate-share-holdings-master
RELIANCE,31-DEC-2021,50.61,,,,,,/api/corporate-share-holdings-master
RELIANCE,08-DEC-2021,50.62,,,,,,/api/corporate-share-holdings-master
RELIANCE,30-SEP-2021,50.61,,,,,,/api/corporate-share-holdings-master
HDFCBANK,30-JUN-2026,0.0,,,,,,/api/corporate-share-holdings-master
HDFCBANK,31-MAR-2026,0.0,,,,,,/api/corporate-share-holdings-master
HDFCBANK,31-DEC-2025,0.0,,,,,,/api/corporate-share-holdings-master
HDFCBANK,30-SEP-2025,0.0,,,,,,/api/corporate-share-holdings-master
HDFCBANK,28-AUG-2025,0.0,,,,,,/api/corporate-share-holdings-master
HDFCBANK,30-JUN-2025,0.0,,,,,,/api/corporate-share-holdings-master
HDFCBANK,31-MAR-2025,0.0,,,,,,/api/corporate-share-holdings-master
HDFCBANK,31-DEC-2024,0.0,,,,,,/api/corporate-share-holdings-master
HDFCBANK,30-SEP-2024,0.0,,,,,,/api/corporate-share-holdings-master
HDFCBANK,30-JUN-2024,0.0,,,,,,/api/corporate-share-holdings-master
HDFCBANK,31-MAR-2024,0.0,,,,,,/api/corporate-share-holdings-master
HDFCBANK,31-DEC-2023,0.0,,,,,,/api/corporate-share-holdings-master
HDFCBANK,30-SEP-2023,0.0,,,,,,/api/corporate-share-holdings-master
HDFCBANK,14-JUL-2023,0.0,,,,,,/api/corporate-share-holdings-master
HDFCBANK,30-JUN-2023,25.52,,,,,,/api/corporate-share-holdings-master
HDFCBANK,31-MAR-2023,25.59,,,,,,/api/corporate-share-holdings-master
HDFCBANK,31-DEC-2022,25.6,,,,,,/api/corporate-share-holdings-master
HDFCBANK,30-SEP-2022,25.64,,,,,,/api/corporate-share-holdings-master
HDFCBANK,30-JUN-2022,25.73,,,,,,/api/corporate-share-holdings-master
HDFCBANK,31-MAR-2022,25.78,,,,,,/api/corporate-share-holdings-master
HDFCBANK,31-DEC-2021,25.8,,,,,,/api/corporate-share-holdings-master
HDFCBANK,30-SEP-2021,25.83,,,,,,/api/corporate-share-holdings-master
TCS,30-JUN-2026,71.77,,,,,,/api/corporate-share-holdings-master
TCS,31-MAR-2026,71.77,,,,,,/api/corporate-share-holdings-master
TCS,31-DEC-2025,71.77,,,,,,/api/corporate-share-holdings-master
TCS,30-SEP-2025,71.77,,,,,,/api/corporate-share-holdings-master
TCS,30-JUN-2025,71.77,,,,,,/api/corporate-share-holdings-master
TCS,31-MAR-2025,71.77,,,,,,/api/corporate-share-holdings-master
TCS,31-DEC-2024,71.77,,,,,,/api/corporate-share-holdings-master
TCS,30-SEP-2024,71.77,,,,,,/api/corporate-share-holdings-master
TCS,30-JUN-2024,71.77,,,,,,/api/corporate-share-holdings-master
TCS,31-MAR-2024,71.77,,,,,,/api/corporate-share-holdings-master
TCS,31-DEC-2023,72.41,,,,,,/api/corporate-share-holdings-master
TCS,30-SEP-2023,72.3,,,,,,/api/corporate-share-holdings-master
TCS,30-JUN-2023,72.3,,,,,,/api/corporate-share-holdings-master
TCS,31-MAR-2023,72.3,,,,,,/api/corporate-share-holdings-master
TCS,31-DEC-2022,72.3,,,,,,/api/corporate-share-holdings-master
TCS,30-SEP-2022,72.3,,,,,,/api/corporate-share-holdings-master
TCS,30-JUN-2022,72.3,,,,,,/api/corporate-share-holdings-master
TCS,31-MAR-2022,72.3,,,,,,/api/corporate-share-holdings-master
TCS,31-DEC-2021,72.19,,,,,,/api/corporate-share-holdings-master
TCS,30-SEP-2021,72.19,,,,,,/api/corporate-share-holdings-master
INFY,30-JUN-2026,13.82,,,,,,/api/corporate-share-holdings-master
INFY,31-MAR-2026,14.38,,,,,,/api/corporate-share-holdings-master
INFY,31-DEC-2025,14.52,,,,,,/api/corporate-share-holdings-master
INFY,04-DEC-2025,14.55,,,,,,/api/corporate-share-holdings-master
INFY,30-SEP-2025,14.3,,,,,,/api/corporate-share-holdings-master
INFY,30-JUN-2025,14.61,,,,,,/api/corporate-share-holdings-master
INFY,31-MAR-2025,14.6,,,,,,/api/corporate-share-holdings-master
INFY,31-DEC-2024,14.43,,,,,,/api/corporate-share-holdings-master
INFY,30-SEP-2024,14.43,,,,,,/api/corporate-share-holdings-master
INFY,30-JUN-2024,14.61,,,,,,/api/corporate-share-holdings-master
INFY,31-MAR-2024,14.71,,,,,,/api/corporate-share-holdings-master
INFY,31-DEC-2023,14.78,,,,,,/api/corporate-share-holdings-master
INFY,30-SEP-2023,14.89,,,,,,/api/corporate-share-holdings-master
INFY,30-JUN-2023,14.94,,,,,,/api/corporate-share-holdings-master
INFY,31-MAR-2023,15.14,,,,,,/api/corporate-share-holdings-master
INFY,31-DEC-2022,15.11,,,,,,/api/corporate-share-holdings-master
INFY,30-SEP-2022,15.16,,,,,,/api/corporate-share-holdings-master
INFY,30-JUN-2022,13.11,,,,,,/api/corporate-share-holdings-master
INFY,31-MAR-2022,13.11,,,,,,/api/corporate-share-holdings-master
INFY,31-DEC-2021,13.12,,,,,,/api/corporate-share-holdings-master
INFY,30-SEP-2021,13.12,,,,,,/api/corporate-share-holdings-master
ICICIBANK,30-JUN-2026,0.0,,,,,,/api/corporate-share-holdings-master
ICICIBANK,31-MAR-2026,0.0,,,,,,/api/corporate-share-holdings-master
ICICIBANK,31-DEC-2025,0.0,,,,,,/api/corporate-share-holdings-master
ICICIBANK,30-SEP-2025,0.0,,,,,,/api/corporate-share-holdings-master
ICICIBANK,30-JUN-2025,0.0,,,,,,/api/corporate-share-holdings-master
ICICIBANK,31-MAR-2025,0.0,,,,,,/api/corporate-share-holdings-master
ICICIBANK,31-DEC-2024,0.0,,,,,,/api/corporate-share-holdings-master
ICICIBANK,30-SEP-2024,0.0,,,,,,/api/corporate-share-holdings-master
ICICIBANK,30-JUN-2024,0.0,,,,,,/api/corporate-share-holdings-master
ICICIBANK,31-MAR-2024,0.0,,,,,,/api/corporate-share-holdings-master
ICICIBANK,31-DEC-2023,0.0,,,,,,/api/corporate-share-holdings-master
ICICIBANK,30-SEP-2023,0.0,,,,,,/api/corporate-share-holdings-master
ICICIBANK,30-JUN-2023,0.0,,,,,,/api/corporate-share-holdings-master
ICICIBANK,31-MAR-2023,0.0,,,,,,/api/corporate-share-holdings-master
ICICIBANK,31-DEC-2022,0.0,,,,,,/api/corporate-share-holdings-master
ICICIBANK,30-SEP-2022,0.0,,,,,,/api/corporate-share-holdings-master
ICICIBANK,30-JUN-2022,0.0,,,,,,/api/corporate-share-holdings-master
ICICIBANK,31-MAR-2022,0.0,,,,,,/api/corporate-share-holdings-master
ICICIBANK,31-DEC-2021,0.0,,,,,,/api/corporate-share-holdings-master
ICICIBANK,30-SEP-2021,0.0,,,,,,/api/corporate-share-holdings-master
LT,30-JUN-2026,0.0,,,,,,/api/corporate-share-holdings-master
LT,31-MAR-2026,0.0,,,,,,/api/corporate-share-holdings-master
LT,31-DEC-2025,0.0,,,,,,/api/corporate-share-holdings-master
LT,30-SEP-2025,0.0,,,,,,/api/corporate-share-holdings-master
LT,30-JUN-2025,0.0,,,,,,/api/corporate-share-holdings-master
LT,31-MAR-2025,0.0,,,,,,/api/corporate-share-holdings-master
LT,31-DEC-2024,0.0,,,,,,/api/corporate-share-holdings-master
LT,30-SEP-2024,0.0,,,,,,/api/corporate-share-holdings-master
LT,30-JUN-2024,0.0,,,,,,/api/corporate-share-holdings-master
LT,31-MAR-2024,0.0,,,,,,/api/corporate-share-holdings-master
LT,31-DEC-2023,0.0,,,,,,/api/corporate-share-holdings-master
LT,30-SEP-2023,0.0,,,,,,/api/corporate-share-holdings-master
LT,28-SEP-2023,0.0,,,,,,/api/corporate-share-holdings-master
LT,30-JUN-2023,0.0,,,,,,/api/corporate-share-holdings-master
LT,31-MAR-2023,0.0,,,,,,/api/corporate-share-holdings-master
LT,31-DEC-2022,0.0,,,,,,/api/corporate-share-holdings-master
LT,30-SEP-2022,0.0,,,,,,/api/corporate-share-holdings-master
LT,30-JUN-2022,0.0,,,,,,/api/corporate-share-holdings-master
LT,31-MAR-2022,0.0,,,,,,/api/corporate-share-holdings-master
LT,31-DEC-2021,0.0,,,,,,/api/corporate-share-holdings-master
LT,30-SEP-2021,0.0,,,,,,/api/corporate-share-holdings-master
ITC,30-JUN-2026,0.0,,,,,,/api/corporate-share-holdings-master
ITC,31-MAR-2026,0.0,,,,,,/api/corporate-share-holdings-master
ITC,31-DEC-2025,0.0,,,,,,/api/corporate-share-holdings-master
ITC,30-SEP-2025,0.0,,,,,,/api/corporate-share-holdings-master
ITC,30-JUN-2025,0.0,,,,,,/api/corporate-share-holdings-master
ITC,31-MAR-2025,0.0,,,,,,/api/corporate-share-holdings-master
ITC,31-DEC-2024,0.0,,,,,,/api/corporate-share-holdings-master
ITC,30-SEP-2024,0.0,,,,,,/api/corporate-share-holdings-master
ITC,30-JUN-2024,0.0,,,,,,/api/corporate-share-holdings-master
ITC,31-MAR-2024,0.0,,,,,,/api/corporate-share-holdings-master
ITC,31-DEC-2023,0.0,,,,,,/api/corporate-share-holdings-master
ITC,30-SEP-2023,0.0,,,,,,/api/corporate-share-holdings-master
ITC,30-JUN-2023,0.0,,,,,,/api/corporate-share-holdings-master
ITC,31-MAR-2023,0.0,,,,,,/api/corporate-share-holdings-master
ITC,31-DEC-2022,0.0,,,,,,/api/corporate-share-holdings-master
ITC,30-SEP-2022,0.0,,,,,,/api/corporate-share-holdings-master
ITC,30-JUN-2022,0.0,,,,,,/api/corporate-share-holdings-master
ITC,31-MAR-2022,0.0,,,,,,/api/corporate-share-holdings-master
ITC,31-DEC-2021,0.0,,,,,,/api/corporate-share-holdings-master
ITC,30-SEP-2021,0.0,,,,,,/api/corporate-share-holdings-master
SBIN,30-JUN-2026,55.47,,,,,,/api/corporate-share-holdings-master
SBIN,31-MAR-2026,55.52,,,,,,/api/corporate-share-holdings-master
SBIN,31-DEC-2025,55.5,,,,,,/api/corporate-share-holdings-master
SBIN,30-SEP-2025,55.5,,,,,,/api/corporate-share-holdings-master
SBIN,21-JUL-2025,55.5,,,,,,/api/corporate-share-holdings-master
SBIN,30-JUN-2025,57.42,,,,,,/api/corporate-share-holdings-master
SBIN,31-MAR-2025,57.43,,,,,,/api/corporate-share-holdings-master
SBIN,31-DEC-2024,57.43,,,,,,/api/corporate-share-holdings-master
SBIN,30-SEP-2024,57.51,,,,,,/api/corporate-share-holdings-master
SBIN,30-JUN-2024,57.54,,,,,,/api/corporate-share-holdings-master
SBIN,31-MAR-2024,57.54,,,,,,/api/corporate-share-holdings-master
SBIN,31-DEC-2023,57.49,,,,,,/api/corporate-share-holdings-master
SBIN,30-SEP-2023,57.49,,,,,,/api/corporate-share-holdings-master
SBIN,30-JUN-2023,57.47,,,,,,/api/corporate-share-holdings-master
SBIN,31-MAR-2023,57.49,,,,,,/api/corporate-share-holdings-master
SBIN,31-DEC-2022,57.5,,,,,,/api/corporate-share-holdings-master
SBIN,30-SEP-2022,57.52,,,,,,/api/corporate-share-holdings-master
SBIN,30-JUN-2022,57.57,,,,,,/api/corporate-share-holdings-master
SBIN,31-MAR-2022,57.59,,,,,,/api/corporate-share-holdings-master
SBIN,31-DEC-2021,57.6,,,,,,/api/corporate-share-holdings-master
SBIN,30-SEP-2021,57.62,,,,,,/api/corporate-share-holdings-master
BHARTIARTL,30-JUN-2026,50.07,,,,,,/api/corporate-share-holdings-master
BHARTIARTL,23-JUN-2026,50.07,,,,,,/api/corporate-share-holdings-master
BHARTIARTL,31-MAR-2026,48.87,,,,,,/api/corporate-share-holdings-master
BHARTIARTL,31-DEC-2025,48.87,,,,,,/api/corporate-share-holdings-master
BHARTIARTL,30-SEP-2025,50.27,,,,,,/api/corporate-share-holdings-master
BHARTIARTL,30-JUN-2025,51.25,,,,,,/api/corporate-share-holdings-master
BHARTIARTL,31-MAR-2025,52.42,,,,,,/api/corporate-share-holdings-master
BHARTIARTL,31-DEC-2024,53.11,,,,,,/api/corporate-share-holdings-master
BHARTIARTL,30-SEP-2024,53.14,,,,,,/api/corporate-share-holdings-master
BHARTIARTL,30-JUN-2024,53.17,,,,,,/api/corporate-share-holdings-master
BHARTIARTL,31-MAR-2024,53.49,,,,,,/api/corporate-share-holdings-master
BHARTIARTL,31-DEC-2023,54.57,,,,,,/api/corporate-share-holdings-master
BHARTIARTL,30-SEP-2023,54.75,,,,,,/api/corporate-share-holdings-master
BHARTIARTL,30-JUN-2023,54.97,,,,,,/api/corporate-share-holdings-master
BHARTIARTL,31-MAR-2023,55.02,,,,,,/api/corporate-share-holdings-master
BHARTIARTL,31-DEC-2022,55.12,,,,,,/api/corporate-share-holdings-master
BHARTIARTL,30-SEP-2022,55.13,,,,,,/api/corporate-share-holdings-master
BHARTIARTL,30-JUN-2022,55.93,,,,,,/api/corporate-share-holdings-master
BHARTIARTL,31-MAR-2022,55.93,,,,,,/api/corporate-share-holdings-master
BHARTIARTL,31-DEC-2021,55.93,,,,,,/api/corporate-share-holdings-master
BHARTIARTL,27-OCT-2021,55.93,,,,,,/api/corporate-share-holdings-master
BHARTIARTL,30-SEP-2021,55.86,,,,,,/api/corporate-share-holdings-master
BHARTIARTL,30-SEP-2020,56.23,,,,,,/api/corporate-share-holdings-master
RVNL,30-JUN-2026,72.84,,,,,,/api/corporate-share-holdings-master
RVNL,31-MAR-2026,72.84,,,,,,/api/corporate-share-holdings-master
RVNL,31-DEC-2025,72.84,,,,,,/api/corporate-share-holdings-master
RVNL,30-SEP-2025,72.84,,,,,,/api/corporate-share-holdings-master
RVNL,30-JUN-2025,72.84,,,,,,/api/corporate-share-holdings-master
RVNL,31-MAR-2025,72.84,,,,,,/api/corporate-share-holdings-master
RVNL,31-DEC-2024,72.84,,,,,,/api/corporate-share-holdings-master
RVNL,30-SEP-2024,72.84,,,,,,/api/corporate-share-holdings-master
RVNL,30-JUN-2024,72.84,,,,,,/api/corporate-share-holdings-master
RVNL,31-MAR-2024,72.84,,,,,,/api/corporate-share-holdings-master
RVNL,31-DEC-2023,72.84,,,,,,/api/corporate-share-holdings-master
RVNL,30-SEP-2023,72.84,,,,,,/api/corporate-share-holdings-master
RVNL,28-JUL-2023,72.84,,,,,,/api/corporate-share-holdings-master
RVNL,30-JUN-2023,78.2,,,,,,/api/corporate-share-holdings-master
RVNL,31-MAR-2023,78.2,,,,,,/api/corporate-share-holdings-master
RVNL,31-DEC-2022,78.2,,,,,,/api/corporate-share-holdings-master
RVNL,30-SEP-2022,78.2,,,,,,/api/corporate-share-holdings-master
RVNL,30-JUN-2022,78.2,,,,,,/api/corporate-share-holdings-master
RVNL,31-MAR-2022,78.2,,,,,,/api/corporate-share-holdings-master
RVNL,31-DEC-2021,78.2,,,,,,/api/corporate-share-holdings-master
RVNL,30-SEP-2021,78.2,,,,,,/api/corporate-share-holdings-master
IRCON,30-JUN-2026,65.17,,,,,,/api/corporate-share-holdings-master
IRCON,31-MAR-2026,65.17,,,,,,/api/corporate-share-holdings-master
IRCON,31-DEC-2025,65.17,,,,,,/api/corporate-share-holdings-master
IRCON,30-SEP-2025,65.17,,,,,,/api/corporate-share-holdings-master
IRCON,30-JUN-2025,65.17,,,,,,/api/corporate-share-holdings-master
IRCON,31-MAR-2025,65.17,,,,,,/api/corporate-share-holdings-master
IRCON,31-DEC-2024,65.17,,,,,,/api/corporate-share-holdings-master
IRCON,30-SEP-2024,65.17,,,,,,/api/corporate-share-holdings-master
IRCON,30-JUN-2024,65.17,,,,,,/api/corporate-share-holdings-master
IRCON,31-MAR-2024,65.17,,,,,,/api/corporate-share-holdings-master
IRCON,31-DEC-2023,65.17,,,,,,/api/corporate-share-holdings-master
IRCON,30-SEP-2023,73.18,,,,,,/api/corporate-share-holdings-master
IRCON,30-JUN-2023,73.18,,,,,,/api/corporate-share-holdings-master
IRCON,31-MAR-2023,73.18,,,,,,/api/corporate-share-holdings-master
IRCON,31-DEC-2022,73.18,,,,,,/api/corporate-share-holdings-master
IRCON,30-SEP-2022,73.18,,,,,,/api/corporate-share-holdings-master
IRCON,30-JUN-2022,73.18,,,,,,/api/corporate-share-holdings-master
IRCON,31-MAR-2022,73.18,,,,,,/api/corporate-share-holdings-master
IRCON,31-DEC-2021,73.18,,,,,,/api/corporate-share-holdings-master
IRCON,30-SEP-2021,73.18,,,,,,/api/corporate-share-holdings-master
BEL,30-JUN-2026,51.14,,,,,,/api/corporate-share-holdings-master
BEL,31-MAR-2026,51.14,,,,,,/api/corporate-share-holdings-master
BEL,31-DEC-2025,51.14,,,,,,/api/corporate-share-holdings-master
BEL,30-SEP-2025,51.14,,,,,,/api/corporate-share-holdings-master
BEL,30-JUN-2025,51.14,,,,,,/api/corporate-share-holdings-master
BEL,31-MAR-2025,51.14,,,,,,/api/corporate-share-holdings-master
BEL,31-DEC-2024,51.14,,,,,,/api/corporate-share-holdings-master
BEL,30-SEP-2024,51.14,,,,,,/api/corporate-share-holdings-master
BEL,30-JUN-2024,51.14,,,,,,/api/corporate-share-holdings-master
BEL,31-MAR-2024,51.14,,,,,,/api/corporate-share-holdings-master
BEL,31-DEC-2023,51.14,,,,,,/api/corporate-share-holdings-master
BEL,30-SEP-2023,51.14,,,,,,/api/corporate-share-holdings-master
BEL,30-JUN-2023,51.14,,,,,,/api/corporate-share-holdings-master
BEL,31-MAR-2023,51.14,,,,,,/api/corporate-share-holdings-master
BEL,31-DEC-2022,51.14,,,,,,/api/corporate-share-holdings-master
BEL,30-SEP-2022,51.14,,,,,,/api/corporate-share-holdings-master
BEL,19-SEP-2022,51.14,,,,,,/api/corporate-share-holdings-master
BEL,30-JUN-2022,51.14,,,,,,/api/corporate-share-holdings-master
BEL,31-MAR-2022,51.14,,,,,,/api/corporate-share-holdings-master
BEL,31-DEC-2021,51.14,,,,,,/api/corporate-share-holdings-master
BEL,30-SEP-2021,51.14,,,,,,/api/corporate-share-holdings-master
HAL,30-JUN-2026,71.64,,,,,,/api/corporate-share-holdings-master
HAL,31-MAR-2026,71.64,,,,,,/api/corporate-share-holdings-master
HAL,31-DEC-2025,71.64,,,,,,/api/corporate-share-holdings-master
HAL,30-SEP-2025,71.64,,,,,,/api/corporate-share-holdings-master
HAL,30-JUN-2025,71.64,,,,,,/api/corporate-share-holdings-master
HAL,31-MAR-2025,71.64,,,,,,/api/corporate-share-holdings-master
HAL,31-DEC-2024,71.64,,,,,,/api/corporate-share-holdings-master
HAL,30-SEP-2024,71.64,,,,,,/api/corporate-share-holdings-master
HAL,30-JUN-2024,71.64,,,,,,/api/corporate-share-holdings-master
HAL,31-MAR-2024,71.64,,,,,,/api/corporate-share-holdings-master
HAL,31-DEC-2023,71.64,,,,,,/api/corporate-share-holdings-master
HAL,30-SEP-2023,71.64,,,,,,/api/corporate-share-holdings-master
HAL,30-JUN-2023,71.64,,,,,,/api/corporate-share-holdings-master
HAL,31-MAR-2023,71.65,,,,,,/api/corporate-share-holdings-master
HAL,31-DEC-2022,75.15,,,,,,/api/corporate-share-holdings-master
HAL,30-SEP-2022,75.15,,,,,,/api/corporate-share-holdings-master
HAL,30-JUN-2022,75.15,,,,,,/api/corporate-share-holdings-master
HAL,31-MAR-2022,75.15,,,,,,/api/corporate-share-holdings-master
HAL,31-DEC-2021,75.15,,,,,,/api/corporate-share-holdings-master
HAL,30-SEP-2021,75.15,,,,,,/api/corporate-share-holdings-master
NBCC,30-JUN-2026,61.75,,,,,,/api/corporate-share-holdings-master
NBCC,31-MAR-2026,61.75,,,,,,/api/corporate-share-holdings-master
NBCC,31-DEC-2025,61.75,,,,,,/api/corporate-share-holdings-master
NBCC,30-SEP-2025,61.75,,,,,,/api/corporate-share-holdings-master
NBCC,30-JUN-2025,61.75,,,,,,/api/corporate-share-holdings-master
NBCC,31-MAR-2025,61.75,,,,,,/api/corporate-share-holdings-master
NBCC,31-DEC-2024,61.75,,,,,,/api/corporate-share-holdings-master
NBCC,30-SEP-2024,61.75,,,,,,/api/corporate-share-holdings-master
NBCC,09-OCT-2024,61.75,,,,,,/api/corporate-share-holdings-master
NBCC,30-JUN-2024,61.75,,,,,,/api/corporate-share-holdings-master
NBCC,31-MAR-2024,61.75,,,,,,/api/corporate-share-holdings-master
NBCC,31-DEC-2023,61.75,,,,,,/api/corporate-share-holdings-master
NBCC,30-SEP-2023,61.75,,,,,,/api/corporate-share-holdings-master
NBCC,30-JUN-2023,61.75,,,,,,/api/corporate-share-holdings-master
NBCC,31-MAR-2023,61.75,,,,,,/api/corporate-share-holdings-master
NBCC,31-DEC-2022,61.75,,,,,,/api/corporate-share-holdings-master
NBCC,30-SEP-2022,61.75,,,,,,/api/corporate-share-holdings-master
NBCC,30-JUN-2022,61.75,,,,,,/api/corporate-share-holdings-master
NBCC,31-MAR-2022,61.75,,,,,,/api/corporate-share-holdings-master
NBCC,31-DEC-2021,61.75,,,,,,/api/corporate-share-holdings-master
NBCC,30-SEP-2021,61.75,,,,,,/api/corporate-share-holdings-master
PIIND,30-JUN-2026,46.09,,,,,,/api/corporate-share-holdings-master
PIIND,31-MAR-2026,46.09,,,,,,/api/corporate-share-holdings-master
PIIND,31-DEC-2025,46.09,,,,,,/api/corporate-share-holdings-master
PIIND,30-SEP-2025,46.09,,,,,,/api/corporate-share-holdings-master
PIIND,30-JUN-2025,46.09,,,,,,/api/corporate-share-holdings-master
PIIND,31-MAR-2025,46.09,,,,,,/api/corporate-share-holdings-master
PIIND,31-DEC-2024,46.09,,,,,,/api/corporate-share-holdings-master
PIIND,30-SEP-2024,46.09,,,,,,/api/corporate-share-holdings-master
PIIND,30-JUN-2024,46.09,,,,,,/api/corporate-share-holdings-master
PIIND,31-MAR-2024,46.09,,,,,,/api/corporate-share-holdings-master
PIIND,31-DEC-2023,46.09,,,,,,/api/corporate-share-holdings-master
PIIND,30-SEP-2023,46.09,,,,,,/api/corporate-share-holdings-master
PIIND,30-JUN-2023,46.09,,,,,,/api/corporate-share-holdings-master
PIIND,31-MAR-2023,46.09,,,,,,/api/corporate-share-holdings-master
PIIND,31-DEC-2022,46.09,,,,,,/api/corporate-share-holdings-master
PIIND,30-SEP-2022,46.09,,,,,,/api/corporate-share-holdings-master
PIIND,30-JUN-2022,46.74,,,,,,/api/corporate-share-holdings-master
PIIND,31-MAR-2022,46.74,,,,,,/api/corporate-share-holdings-master
PIIND,31-DEC-2021,46.74,,,,,,/api/corporate-share-holdings-master
PIIND,30-SEP-2021,46.74,,,,,,/api/corporate-share-holdings-master
CUPID,30-JUN-2026,46.24,,,,,,/api/corporate-share-holdings-master
CUPID,31-MAR-2026,46.03,,,,,,/api/corporate-share-holdings-master
CUPID,10-MAR-2026,45.95,,,,,,/api/corporate-share-holdings-master
CUPID,31-DEC-2025,45.55,,,,,,/api/corporate-share-holdings-master
CUPID,30-SEP-2025,45.55,,,,,,/api/corporate-share-holdings-master
CUPID,30-JUN-2025,42.52,,,,,,/api/corporate-share-holdings-master
CUPID,31-MAR-2025,42.52,,,,,,/api/corporate-share-holdings-master
CUPID,31-DEC-2024,42.52,,,,,,/api/corporate-share-holdings-master
CUPID,30-SEP-2024,45.61,,,,,,/api/corporate-share-holdings-master
CUPID,30-JUN-2024,44.8,,,,,,/api/corporate-share-holdings-master
CUPID,08-APR-2024,44.8,,,,,,/api/corporate-share-holdings-master
CUPID,31-MAR-2024,44.8,,,,,,/api/corporate-share-holdings-master
CUPID,31-DEC-2023,45.07,,,,,,/api/corporate-share-holdings-master
CUPID,30-SEP-2023,45.06,,,,,,/api/corporate-share-holdings-master
CUPID,30-JUN-2023,45.06,,,,,,/api/corporate-share-holdings-master
CUPID,31-MAR-2023,45.06,,,,,,/api/corporate-share-holdings-master
CUPID,31-DEC-2022,45.06,,,,,,/api/corporate-share-holdings-master
CUPID,30-SEP-2022,45.06,,,,,,/api/corporate-share-holdings-master
CUPID,30-JUN-2022,45.06,,,,,,/api/corporate-share-holdings-master
CUPID,31-MAR-2022,45.06,,,,,,/api/corporate-share-holdings-master
CUPID,31-DEC-2021,45.06,,,,,,/api/corporate-share-holdings-master
CUPID,30-SEP-2021,45.06,,,,,,/api/corporate-share-holdings-master
